{"Path::Hot_Folder_Admin_guide.rhpj::project":{"title":"Hot Folder Admin guide","parentid":"","id":"90942f77-e04a-4154-a31d-a4aa678b8520","version":"2020.0.0","language":"en_US","noInlineStyle":false,"defaultCss":"contents/assets/css/default.css","defaultWsf":"settings/import/word/default.wsf","defaultFsf":"settings/import/fm/default.fsf","colors":[{"name":"Black","value":"#000000"},{"name":"Red","value":"#FF0000"},{"name":"Lime","value":"#00FF00"},{"name":"Blue","value":"#0000FF"},{"name":"Maroon","value":"#800000"},{"name":"Green","value":"#008000"},{"name":"Navy","value":"#000080"},{"name":"Gray","value":"#808080"},{"name":"White","value":"#FFFFFF"},{"name":"Fuchsia","value":"#FF00FF"},{"name":"Aqua","value":"#00FFFF"},{"name":"Yellow","value":"#FFFF00"},{"name":"Purple","value":"#800080"},{"name":"Olive","value":"#808000"},{"name":"Teal","value":"#008080"},{"name":"Silver","value":"#C0C0C0"}],"content":{"root":{"path":"contents/","type":"folder","scope":"internal"},"items":[]},"conditional":{"root":{"path":"condition","type":"folder","scope":"internal"},"items":[]},"variable":{"root":{"path":"variable","type":"folder","scope":"internal"},"items":[]},"tocs":{"root":{"path":"toc","type":"folder","scope":"internal"},"items":[]},"glossary":{"root":{"path":"glossary","type":"folder","scope":"internal"},"items":[]},"index":{"root":{"path":"index","type":"folder","scope":"internal"},"items":[]},"seealso":{"root":{"path":"seealso","type":"folder","scope":"internal"},"items":[]},"folders":{"root":"","items":[]},"snippets":{"root":{"path":"contents/assets/snippets","type":"folder","scope":"internal"},"items":[]},"microcontent":{"root":{"path":"contents/microcontent","type":"folder","scope":"internal"},"items":[]},"review":{"root":{"path":"review","type":"folder","scope":"internal"},"items":[]},"versionControl":false,"map":{"toc":{"root":{"path":"toc","type":"folder","scope":"internal"},"items":[]},"glossary":{"root":{"path":"glossary","type":"folder","scope":"internal"},"items":[]},"index":{"root":{"path":"index","type":"folder","scope":"internal"},"items":[]},"seealso":{"root":{"path":"seealso","type":"folder","scope":"internal"},"items":[]},"folders":{"root":"","items":[]},"snippet":{"root":{"path":"contents/assets/snippets","type":"folder","scope":"internal"},"items":[]},"microcontent":{"root":{"path":"contents/microcontent","type":"folder","scope":"internal"},"items":[]},"review":{"root":{"path":"review","type":"folder","scope":"internal"},"items":[]},"condition":{"root":{"path":"condition","type":"folder","scope":"internal"},"items":[]},"variable":{"root":{"path":"variable","type":"folder","scope":"internal"},"items":[]},"topic":{"root":{"path":"contents/","type":"folder","scope":"internal"},"items":[]}},"_topicStatuses":["Draft","In Progress","Ready for Review","Sent for Review","Reviewed","Complete"],"_conditionTagCategories":["Audience","Platform","Product","Properties","Others"],"links":[],"scripts":{},"panelShowHide":{"authorTabs":[],"outputTabs":[]}},"Path::contents/assets/css/default.css::Links":[],"Path::contents/assets/css/default.css::Variables":[],"Path::contents/assets/css/default.css::Conditions":[],"Path::contents/assets/css/default.css::TopicConditions":[],"Path::contents/assets/css/default.css::IndexKeywords":[],"Path::contents/assets/css/default.css::Glossary":[],"Path::contents/assets/css/default.css::Bookmarks":[],"Path::contents/assets/css/default.css::MicrocontentResponse":[],"Path::index/Default.idx::Links":[],"Path::index/Default.idx::Variables":[],"Path::index/Default.idx::Conditions":[],"Path::index/Default.idx::TopicConditions":[],"Path::index/Default.idx::IndexKeywords":[],"Path::index/Default.idx::Glossary":[],"Path::index/Default.idx::Bookmarks":[],"Path::index/Default.idx::MicrocontentResponse":[],"Path::contents/First_Topic.htm::Links":[{"origLink":"assets/css/default.css","attr":"href","topic":"contents/First_Topic.htm","nodeName":"link","external":false,"relPath":"contents/assets/css/default.css"},{"origLink":"Basic_Concepts.htm","attr":"href","topic":"contents/First_Topic.htm","nodeName":"a","external":false,"relPath":"contents/Basic_Concepts.htm"},{"origLink":"Hot_Folder_Admin_Functions.htm","attr":"href","topic":"contents/First_Topic.htm","nodeName":"a","external":false,"relPath":"contents/Hot_Folder_Admin_Functions.htm"},{"origLink":"Hot_Folder_Server_Enterprise_Manager.htm","attr":"href","topic":"contents/First_Topic.htm","nodeName":"a","external":false,"relPath":"contents/Hot_Folder_Server_Enterprise_Manager.htm"},{"origLink":"Managing_Hot_Folder_Cabinets.htm","attr":"href","topic":"contents/First_Topic.htm","nodeName":"a","external":false,"relPath":"contents/Managing_Hot_Folder_Cabinets.htm"},{"origLink":"Managing_Hot_Folders.htm","attr":"href","topic":"contents/First_Topic.htm","nodeName":"a","external":false,"relPath":"contents/Managing_Hot_Folders.htm"},{"origLink":"Generating_Hot_Folders_Reports.htm","attr":"href","topic":"contents/First_Topic.htm","nodeName":"a","external":false,"relPath":"contents/Generating_Hot_Folders_Reports.htm"}],"Path::contents/First_Topic.htm::Variables":[],"Path::contents/First_Topic.htm::Conditions":[],"Path::contents/First_Topic.htm::TopicConditions":[],"Path::contents/First_Topic.htm::IndexKeywords":[],"Path::contents/First_Topic.htm::Glossary":[],"Path::contents/First_Topic.htm::Bookmarks":[],"Path::contents/First_Topic.htm::MicrocontentResponse":[],"Path::contents/First_Topic.htm::Title":"Overview","Path::contents/First_Topic.htm::InnerText":"\n  \n  \n  Overview\n  Seclore Hot Folder Server allows security policies to be pre-defined for any folder on a file server. Once a security policy is mapped to a folder, the Seclore Hot Folder will ensure that all files saved in that folder will be automatically protected without the user having to do anything.\n  \n  Hot Folder Server can be installed only on Windows operating system, but we can map non-Windows file servers as Hot Folders.\n  \n  This guide describes the functions of the Hot Folder Administrators and is restricted to managing the Seclore Hot Folder Server Enterprise Manager.\n  \n  Click on the below topics to know more about Hot Folder Admin functions:\n  \n  \n    Basic Concepts\n    \n    Hot Folder Admin Functions\n    \n    Hot Folder Server Enterprise Manager\n    \n    Managing Hot Folder Cabinets\n    \n    Managing Hot Folders\n    \n    Generating Hot Folder Reports\n    \n  \n  FAQs\n  \n  1. What kind of folders can be Hot Folders?\n  \n  Hot Folders can be folders on a network/shared drive or a local folder.\n  \n   \n  \n  \n  2. Typically, who are the Hot Folder Administrators in an organisation?\n  \n  Hot Folder Administrators are file-server administrators or server-side IT staff of an organisation.\n  \n   \n  \n  \n  3. What are the pre-requisites for being a Hot Folder Administrator?\n  \n  Basic knowledge about Seclore Right Management, the Windows operating system and networking is recommended but not essential.\n  \n   \n   \n   \n   \n   \n   \n\n","Path::publish/presets/EPUB.preset::Links":[{"origLink":"../../toc/Default.toc","attr":"innerText","topic":"publish/presets/EPUB.preset","nodeName":"path","external":false,"relPath":"toc/Default.toc"},{"origLink":"../../glossary/Default.glo","attr":"innerText","topic":"publish/presets/EPUB.preset","nodeName":"path","external":false,"relPath":"glossary/Default.glo"}],"Path::publish/presets/EPUB.preset::Variables":[],"Path::publish/presets/EPUB.preset::Conditions":[],"Path::publish/presets/EPUB.preset::TopicConditions":[],"Path::publish/presets/EPUB.preset::IndexKeywords":[],"Path::publish/presets/EPUB.preset::Glossary":[],"Path::publish/presets/EPUB.preset::Bookmarks":[],"Path::publish/presets/EPUB.preset::MicrocontentResponse":[],"Path::publish/presets/Microcontent.preset::Links":[{"origLink":"../../toc/Default.toc","attr":"innerText","topic":"publish/presets/Microcontent.preset","nodeName":"path","external":false,"relPath":"toc/Default.toc"},{"origLink":"../../glossary/Default.glo","attr":"innerText","topic":"publish/presets/Microcontent.preset","nodeName":"path","external":false,"relPath":"glossary/Default.glo"},{"origLink":"../../contents/First_Topic.htm","attr":"innerText","topic":"publish/presets/Microcontent.preset","nodeName":"path","external":false,"relPath":"contents/First_Topic.htm"}],"Path::publish/presets/Microcontent.preset::Variables":[],"Path::publish/presets/Microcontent.preset::Conditions":[],"Path::publish/presets/Microcontent.preset::TopicConditions":[],"Path::publish/presets/Microcontent.preset::IndexKeywords":[],"Path::publish/presets/Microcontent.preset::Glossary":[],"Path::publish/presets/Microcontent.preset::Bookmarks":[],"Path::publish/presets/Microcontent.preset::MicrocontentResponse":[],"Path::contents/assets/masterpages/book.htt::Links":[{"origLink":"../css/default.css","attr":"href","topic":"contents/assets/masterpages/book.htt","nodeName":"link","external":false,"relPath":"contents/assets/css/default.css"},{"origLink":"../css/book.css","attr":"href","topic":"contents/assets/masterpages/book.htt","nodeName":"link","external":false,"relPath":"contents/assets/css/book.css"}],"Path::contents/assets/masterpages/book.htt::Variables":[],"Path::contents/assets/masterpages/book.htt::Conditions":[],"Path::contents/assets/masterpages/book.htt::TopicConditions":[],"Path::contents/assets/masterpages/book.htt::IndexKeywords":[],"Path::contents/assets/masterpages/book.htt::Glossary":[],"Path::contents/assets/masterpages/book.htt::Bookmarks":[],"Path::contents/assets/masterpages/book.htt::MicrocontentResponse":[],"Path::contents/assets/masterpages/book.htt::Title":"book","Path::contents/assets/masterpages/book.htt::InnerText":"\n  \n    \n  \n  \n    This is Body Placeholder text for your Master Page. Topics created using this Master Page will get this text by default. Replace text of this Body Placeholder with your default content for topics.\n     \n    Area outside this Body Placeholder represents the layout of the Master Page which will not be shown in the associated topics but will be present in the output. The Body Placeholder content will be replaced by actual topic content in the output.\n     \n    Use Master Page to define the layout of your topic in the output.\n  \n  \n    Blank Project1                                                                                                        Page 1 of\n      1\n        \n    \n  \n\n","Path::contents/assets/css/book.css::Links":[],"Path::contents/assets/css/book.css::Variables":[],"Path::contents/assets/css/book.css::Conditions":[],"Path::contents/assets/css/book.css::TopicConditions":[],"Path::contents/assets/css/book.css::IndexKeywords":[],"Path::contents/assets/css/book.css::Glossary":[],"Path::contents/assets/css/book.css::Bookmarks":[],"Path::contents/assets/css/book.css::MicrocontentResponse":[],"Path::publish/presets/Microsoft HTML Help.preset::Links":[{"origLink":"../../toc/Default.toc","attr":"innerText","topic":"publish/presets/Microsoft HTML Help.preset","nodeName":"path","external":false,"relPath":"toc/Default.toc"},{"origLink":"../../glossary/Default.glo","attr":"innerText","topic":"publish/presets/Microsoft HTML Help.preset","nodeName":"path","external":false,"relPath":"glossary/Default.glo"},{"origLink":"../../contents/First_Topic.htm","attr":"innerText","topic":"publish/presets/Microsoft HTML Help.preset","nodeName":"path","external":false,"relPath":"contents/First_Topic.htm"}],"Path::publish/presets/Microsoft HTML Help.preset::Variables":[],"Path::publish/presets/Microsoft HTML Help.preset::Conditions":[],"Path::publish/presets/Microsoft HTML Help.preset::TopicConditions":[],"Path::publish/presets/Microsoft HTML Help.preset::IndexKeywords":[],"Path::publish/presets/Microsoft HTML Help.preset::Glossary":[],"Path::publish/presets/Microsoft HTML Help.preset::Bookmarks":[],"Path::publish/presets/Microsoft HTML Help.preset::MicrocontentResponse":[],"Path::publish/presets/Mobile App.preset::Links":[{"origLink":"../../toc/Default.toc","attr":"innerText","topic":"publish/presets/Mobile App.preset","nodeName":"path","external":false,"relPath":"toc/Default.toc"},{"origLink":"../../glossary/Default.glo","attr":"innerText","topic":"publish/presets/Mobile App.preset","nodeName":"path","external":false,"relPath":"glossary/Default.glo"},{"origLink":"../../contents/First_Topic.htm","attr":"innerText","topic":"publish/presets/Mobile App.preset","nodeName":"path","external":false,"relPath":"contents/First_Topic.htm"},{"origLink":"Mobile App/config.json","attr":"innerText","topic":"publish/presets/Mobile App.preset","nodeName":"path","external":false,"relPath":"publish/presets/Mobile App/config.json"}],"Path::publish/presets/Mobile App.preset::Variables":[],"Path::publish/presets/Mobile App.preset::Conditions":[],"Path::publish/presets/Mobile App.preset::TopicConditions":[],"Path::publish/presets/Mobile App.preset::IndexKeywords":[],"Path::publish/presets/Mobile App.preset::Glossary":[],"Path::publish/presets/Mobile App.preset::Bookmarks":[],"Path::publish/presets/Mobile App.preset::MicrocontentResponse":[],"Path::publish/presets/Frameless.preset::Links":[{"origLink":"../../toc/Default.toc","attr":"innerText","topic":"publish/presets/Frameless.preset","nodeName":"path","external":false,"relPath":"toc/Default.toc"},{"origLink":"../../glossary/Default.glo","attr":"innerText","topic":"publish/presets/Frameless.preset","nodeName":"path","external":false,"relPath":"glossary/Default.glo"},{"origLink":"../../contents/First_Topic.htm","attr":"innerText","topic":"publish/presets/Frameless.preset","nodeName":"path","external":false,"relPath":"contents/First_Topic.htm"}],"Path::publish/presets/Frameless.preset::Variables":[],"Path::publish/presets/Frameless.preset::Conditions":[],"Path::publish/presets/Frameless.preset::TopicConditions":[],"Path::publish/presets/Frameless.preset::IndexKeywords":[],"Path::publish/presets/Frameless.preset::Glossary":[],"Path::publish/presets/Frameless.preset::Bookmarks":[],"Path::publish/presets/Frameless.preset::MicrocontentResponse":[],"Path::publish/presets/Content Only.preset::Links":[{"origLink":"../../toc/Default.toc","attr":"innerText","topic":"publish/presets/Content Only.preset","nodeName":"path","external":false,"relPath":"toc/Default.toc"},{"origLink":"../../glossary/Default.glo","attr":"innerText","topic":"publish/presets/Content Only.preset","nodeName":"path","external":false,"relPath":"glossary/Default.glo"}],"Path::publish/presets/Content Only.preset::Variables":[],"Path::publish/presets/Content Only.preset::Conditions":[],"Path::publish/presets/Content Only.preset::TopicConditions":[],"Path::publish/presets/Content Only.preset::IndexKeywords":[],"Path::publish/presets/Content Only.preset::Glossary":[],"Path::publish/presets/Content Only.preset::Bookmarks":[],"Path::publish/presets/Content Only.preset::MicrocontentResponse":[],"Path::toc/Default.toc::Links":[{"origLink":"../contents/First_Topic.htm","attr":"href","topic":"toc/Default.toc","nodeName":"page","external":false,"relPath":"contents/First_Topic.htm"},{"origLink":"../contents/Basic_Concepts.htm","attr":"href","topic":"toc/Default.toc","nodeName":"page","external":false,"relPath":"contents/Basic_Concepts.htm"},{"origLink":"../contents/Hot_Folder_Admin_Functions.htm","attr":"href","topic":"toc/Default.toc","nodeName":"page","external":false,"relPath":"contents/Hot_Folder_Admin_Functions.htm"},{"origLink":"../contents/Hot_Folder_Server_Enterprise_Manager.htm","attr":"href","topic":"toc/Default.toc","nodeName":"book","external":false,"relPath":"contents/Hot_Folder_Server_Enterprise_Manager.htm"},{"origLink":"../contents/Starting_Hot_Folder_Server_Enterprise_Manager.htm","attr":"href","topic":"toc/Default.toc","nodeName":"page","external":false,"relPath":"contents/Starting_Hot_Folder_Server_Enterprise_Manager.htm"},{"origLink":"../contents/Configuring_Hot_Folder_Server_Enterprise_Manager.htm","attr":"href","topic":"toc/Default.toc","nodeName":"page","external":false,"relPath":"contents/Configuring_Hot_Folder_Server_Enterprise_Manager.htm"},{"origLink":"../contents/Managing_Hot_Folder_Cabinets.htm","attr":"href","topic":"toc/Default.toc","nodeName":"book","external":false,"relPath":"contents/Managing_Hot_Folder_Cabinets.htm"},{"origLink":"../contents/Adding_a_Hot_Folder_Cabinet.htm","attr":"href","topic":"toc/Default.toc","nodeName":"page","external":false,"relPath":"contents/Adding_a_Hot_Folder_Cabinet.htm"},{"origLink":"../contents/Logging_in_to_a_Hot_Folder_Cabinet.htm","attr":"href","topic":"toc/Default.toc","nodeName":"page","external":false,"relPath":"contents/Logging_in_to_a_Hot_Folder_Cabinet.htm"},{"origLink":"../contents/Editing_a_Hot_Folder_Cabinet.htm","attr":"href","topic":"toc/Default.toc","nodeName":"page","external":false,"relPath":"contents/Editing_a_Hot_Folder_Cabinet.htm"},{"origLink":"../contents/Removing_a_Hot_Folder_Cabinet-copy.htm","attr":"href","topic":"toc/Default.toc","nodeName":"page","external":false,"relPath":"contents/Removing_a_Hot_Folder_Cabinet-copy.htm"},{"origLink":"../contents/Managing_Hot_Folders.htm","attr":"href","topic":"toc/Default.toc","nodeName":"book","external":false,"relPath":"contents/Managing_Hot_Folders.htm"},{"origLink":"../contents/Creating_a_Hot_Folder.htm","attr":"href","topic":"toc/Default.toc","nodeName":"page","external":false,"relPath":"contents/Creating_a_Hot_Folder.htm"},{"origLink":"../contents/Excluding_a_sub-folder_in_a_Hot_Folder.htm","attr":"href","topic":"toc/Default.toc","nodeName":"page","external":false,"relPath":"contents/Excluding_a_sub-folder_in_a_Hot_Folder.htm"},{"origLink":"../contents/Editing_a_Hot_Folder.htm","attr":"href","topic":"toc/Default.toc","nodeName":"page","external":false,"relPath":"contents/Editing_a_Hot_Folder.htm"},{"origLink":"../contents/Pausing_protection_in_a_Hot_Folder.htm","attr":"href","topic":"toc/Default.toc","nodeName":"page","external":false,"relPath":"contents/Pausing_protection_in_a_Hot_Folder.htm"},{"origLink":"../contents/Managing_Hot_Folders_through_Policy_Server.htm","attr":"href","topic":"toc/Default.toc","nodeName":"page","external":false,"relPath":"contents/Managing_Hot_Folders_through_Policy_Server.htm"},{"origLink":"../contents/Removing_a_Hot_Folder.htm","attr":"href","topic":"toc/Default.toc","nodeName":"page","external":false,"relPath":"contents/Removing_a_Hot_Folder.htm"},{"origLink":"../contents/Protecting_files_in_a_Hot_Folder.htm","attr":"href","topic":"toc/Default.toc","nodeName":"page","external":false,"relPath":"contents/Protecting_files_in_a_Hot_Folder.htm"},{"origLink":"../contents/Generating_Hot_Folders_Reports.htm","attr":"href","topic":"toc/Default.toc","nodeName":"page","external":false,"relPath":"contents/Generating_Hot_Folders_Reports.htm"}],"Path::toc/Default.toc::Variables":[],"Path::toc/Default.toc::Conditions":[],"Path::toc/Default.toc::TopicConditions":[],"Path::toc/Default.toc::IndexKeywords":[],"Path::toc/Default.toc::Glossary":[],"Path::toc/Default.toc::Bookmarks":[],"Path::toc/Default.toc::MicrocontentResponse":[],"Path::contents/Basic_Concepts.htm::Links":[{"origLink":"assets/css/default.css","attr":"href","topic":"contents/Basic_Concepts.htm","nodeName":"link","external":false,"relPath":"contents/assets/css/default.css"}],"Path::contents/Basic_Concepts.htm::Variables":[],"Path::contents/Basic_Concepts.htm::Conditions":[],"Path::contents/Basic_Concepts.htm::TopicConditions":[],"Path::contents/Basic_Concepts.htm::IndexKeywords":[],"Path::contents/Basic_Concepts.htm::Glossary":[],"Path::contents/Basic_Concepts.htm::Bookmarks":[],"Path::contents/Basic_Concepts.htm::Title":"Basic Concepts","Path::contents/Basic_Concepts.htm::InnerText":"\n  \n  \n  Basic Concepts\n  \n  \n  A Hot Folder is a special folder in Windows. Any file placed or saved in this folder gets protected immediately.\n  \n  This protection persists even after the file is removed or copied to any external location.\n  \n  Pre-specified protection parameters are applied on the file as soon as the file is placed inside the folder. This folder can be on a network/shared drive folder or a local folder.\n  \n  Authentication for Protection\n  \n  Note that there is no user authentication required for file protection. The folder is continuously monitored for activity. Any user can drop a file into the Hot Folder and the file will get protected instantly.\n  \n  Persistent Protection\n  \n  Once a file is protected using a Hot Folder, it becomes permanently linked to it. It remains protected even when it is taken out of the Hot Folder. The changes made to the Hot Folder will get applied to the file regardless of where the file resides - inside or outside the folder.\n  \n  \n  \n\n","Path::contents/Basic_Concepts.htm::MicrocontentResponse":[],"Path::contents/Hot_Folder_Admin_Functions.htm::Links":[{"origLink":"assets/css/default.css","attr":"href","topic":"contents/Hot_Folder_Admin_Functions.htm","nodeName":"link","external":false,"relPath":"contents/assets/css/default.css"},{"origLink":"Starting_Hot_Folder_Server_Enterprise_Manager.htm","attr":"href","topic":"contents/Hot_Folder_Admin_Functions.htm","nodeName":"a","external":false,"relPath":"contents/Starting_Hot_Folder_Server_Enterprise_Manager.htm"},{"origLink":"Configuring_Hot_Folder_Server_Enterprise_Manager.htm","attr":"href","topic":"contents/Hot_Folder_Admin_Functions.htm","nodeName":"a","external":false,"relPath":"contents/Configuring_Hot_Folder_Server_Enterprise_Manager.htm"},{"origLink":"Adding_a_Hot_Folder_Cabinet.htm","attr":"href","topic":"contents/Hot_Folder_Admin_Functions.htm","nodeName":"a","external":false,"relPath":"contents/Adding_a_Hot_Folder_Cabinet.htm"},{"origLink":"Logging_in_to_a_Hot_Folder_Cabinet.htm","attr":"href","topic":"contents/Hot_Folder_Admin_Functions.htm","nodeName":"a","external":false,"relPath":"contents/Logging_in_to_a_Hot_Folder_Cabinet.htm"},{"origLink":"Editing_a_Hot_Folder_Cabinet.htm","attr":"href","topic":"contents/Hot_Folder_Admin_Functions.htm","nodeName":"a","external":false,"relPath":"contents/Editing_a_Hot_Folder_Cabinet.htm"},{"origLink":"Removing_a_Hot_Folder_Cabinet-copy.htm","attr":"href","topic":"contents/Hot_Folder_Admin_Functions.htm","nodeName":"a","external":false,"relPath":"contents/Removing_a_Hot_Folder_Cabinet-copy.htm"},{"origLink":"Creating_a_Hot_Folder.htm","attr":"href","topic":"contents/Hot_Folder_Admin_Functions.htm","nodeName":"a","external":false,"relPath":"contents/Creating_a_Hot_Folder.htm"},{"origLink":"Excluding_a_sub-folder_in_a_Hot_Folder.htm","attr":"href","topic":"contents/Hot_Folder_Admin_Functions.htm","nodeName":"a","external":false,"relPath":"contents/Excluding_a_sub-folder_in_a_Hot_Folder.htm"},{"origLink":"Editing_a_Hot_Folder.htm","attr":"href","topic":"contents/Hot_Folder_Admin_Functions.htm","nodeName":"a","external":false,"relPath":"contents/Editing_a_Hot_Folder.htm"},{"origLink":"Pausing_protection_in_a_Hot_Folder.htm","attr":"href","topic":"contents/Hot_Folder_Admin_Functions.htm","nodeName":"a","external":false,"relPath":"contents/Pausing_protection_in_a_Hot_Folder.htm"},{"origLink":"Removing_a_Hot_Folder.htm","attr":"href","topic":"contents/Hot_Folder_Admin_Functions.htm","nodeName":"a","external":false,"relPath":"contents/Removing_a_Hot_Folder.htm"},{"origLink":"Managing_Hot_Folders_through_Policy_Server.htm","attr":"href","topic":"contents/Hot_Folder_Admin_Functions.htm","nodeName":"a","external":false,"relPath":"contents/Managing_Hot_Folders_through_Policy_Server.htm"},{"origLink":"Generating_Hot_Folders_Reports.htm","attr":"href","topic":"contents/Hot_Folder_Admin_Functions.htm","nodeName":"a","external":false,"relPath":"contents/Generating_Hot_Folders_Reports.htm"},{"origLink":"assets/images/image.png","attr":"src","topic":"contents/Hot_Folder_Admin_Functions.htm","nodeName":"img","external":false,"relPath":"contents/assets/images/image.png"}],"Path::contents/Hot_Folder_Admin_Functions.htm::Variables":[],"Path::contents/Hot_Folder_Admin_Functions.htm::Conditions":[],"Path::contents/Hot_Folder_Admin_Functions.htm::TopicConditions":[],"Path::contents/Hot_Folder_Admin_Functions.htm::IndexKeywords":[],"Path::contents/Hot_Folder_Admin_Functions.htm::Glossary":[],"Path::contents/Hot_Folder_Admin_Functions.htm::Bookmarks":[],"Path::contents/Hot_Folder_Admin_Functions.htm::Title":"Hot Folder Admin Functions","Path::contents/Hot_Folder_Admin_Functions.htm::InnerText":"\n  \n  \n  Hot Folder Admin Functions\n  \n  \n  \n  \n  As a Hot Folder Admin, you need to perform the following functions:\n  \n  \n    Hot Folder Server Enterprise Manager\n      \n        Starting Hot Folder Server Enterprise Manager\n        \n        Configuring Hot Folder Server Enterprise Manager\n        \n      \n    \n    Hot Folder Cabinets\n      \n        Adding Hot Folder Cabinets\n        \n        Logging in to Hot Folder Cabinets\n        \n        Editing Hot Folder Cabinets\n        \n        Removing Hot Folder Cabinets\n        \n      \n    \n    Hot Folders\n      \n        Creating Hot Folders\n        \n        Excluding Sub Folders\n        \n        Editing Hot Folders\n        \n        Pausing Protection in Hot Folders\n        \n        Removing Hot Folders\n        \n        Managing Hot Folders through Policy Server\n        Generating Hot Folder Reports\n        \n      \n    \n  \n  To know more about each function of Hot Folder, click on the corresponding option in the Help drop down in the Hot Folder Server Enterprise Manager.\n  \n   \n  \n  \n  \n  \n  \n\n","Path::contents/Hot_Folder_Admin_Functions.htm::MicrocontentResponse":[],"Path::contents/Hot_Folder_Server_Enterprise_Manager.htm::Links":[{"origLink":"assets/css/default.css","attr":"href","topic":"contents/Hot_Folder_Server_Enterprise_Manager.htm","nodeName":"link","external":false,"relPath":"contents/assets/css/default.css"},{"origLink":"Starting_Hot_Folder_Server_Enterprise_Manager.htm","attr":"href","topic":"contents/Hot_Folder_Server_Enterprise_Manager.htm","nodeName":"a","external":false,"relPath":"contents/Starting_Hot_Folder_Server_Enterprise_Manager.htm"},{"origLink":"Configuring_Hot_Folder_Server_Enterprise_Manager.htm","attr":"href","topic":"contents/Hot_Folder_Server_Enterprise_Manager.htm","nodeName":"a","external":false,"relPath":"contents/Configuring_Hot_Folder_Server_Enterprise_Manager.htm"}],"Path::contents/Hot_Folder_Server_Enterprise_Manager.htm::Variables":[],"Path::contents/Hot_Folder_Server_Enterprise_Manager.htm::Conditions":[],"Path::contents/Hot_Folder_Server_Enterprise_Manager.htm::TopicConditions":[],"Path::contents/Hot_Folder_Server_Enterprise_Manager.htm::IndexKeywords":[],"Path::contents/Hot_Folder_Server_Enterprise_Manager.htm::Glossary":[],"Path::contents/Hot_Folder_Server_Enterprise_Manager.htm::Bookmarks":[],"Path::contents/Hot_Folder_Server_Enterprise_Manager.htm::Title":"Hot Folder Server Enterprise Manager","Path::contents/Hot_Folder_Server_Enterprise_Manager.htm::InnerText":"\n  \n  \n  Hot Folder Server Enterprise Manager\n  \n  \n  \n  \n  \n  \n  The Hot Folder Server Enterprise Manager is a small software that needs to be installed on the machine/file server that contains the desired folders. In case of folders shared over your enterprise network, it needs to be installed on the file server i.e. on the same hardware as the physical folders that are to be designated as Hot Folders.\n  \n  Click on the links below to learn how to start and configure Hot Folder Server Enterprise Manager:\n  \n  \n    Starting Hot Folder Server Enterprise Manager\n    \n    Configuring Hot Folder Server Enterprise Manager\n    \n  \n  \n  \n  \n  \n  \n  \n\n","Path::contents/Hot_Folder_Server_Enterprise_Manager.htm::MicrocontentResponse":[],"Path::contents/Starting_Hot_Folder_Server_Enterprise_Manager.htm::Links":[{"origLink":"assets/css/default.css","attr":"href","topic":"contents/Starting_Hot_Folder_Server_Enterprise_Manager.htm","nodeName":"link","external":false,"relPath":"contents/assets/css/default.css"},{"origLink":"assets/images/image2.png","attr":"src","topic":"contents/Starting_Hot_Folder_Server_Enterprise_Manager.htm","nodeName":"img","external":false,"relPath":"contents/assets/images/image2.png"},{"origLink":"assets/images/image1.png","attr":"src","topic":"contents/Starting_Hot_Folder_Server_Enterprise_Manager.htm","nodeName":"img","external":false,"relPath":"contents/assets/images/image1.png"},{"origLink":"assets/images/image3.png","attr":"src","topic":"contents/Starting_Hot_Folder_Server_Enterprise_Manager.htm","nodeName":"img","external":false,"relPath":"contents/assets/images/image3.png"}],"Path::contents/Starting_Hot_Folder_Server_Enterprise_Manager.htm::Variables":[],"Path::contents/Starting_Hot_Folder_Server_Enterprise_Manager.htm::Conditions":[],"Path::contents/Starting_Hot_Folder_Server_Enterprise_Manager.htm::TopicConditions":[],"Path::contents/Starting_Hot_Folder_Server_Enterprise_Manager.htm::IndexKeywords":[],"Path::contents/Starting_Hot_Folder_Server_Enterprise_Manager.htm::Glossary":[],"Path::contents/Starting_Hot_Folder_Server_Enterprise_Manager.htm::Bookmarks":[],"Path::contents/Starting_Hot_Folder_Server_Enterprise_Manager.htm::Title":"Starting Hot Folder Server Enterprise Manager","Path::contents/Starting_Hot_Folder_Server_Enterprise_Manager.htm::InnerText":"\n  \n  \n  Starting Hot Folder Server Enterprise Manager\n  \n  \n  \n  \n  \n  \n  \n  \n  The Hot Folder Server Enterprise Manager installs a Windows service called Seclore HotFolder Server (a process called FSHotFolderService.exe runs in the background). This service monitors the designated Hot Folders for Seclore protection.\n  \n  Note: It is essential to keep this service running at all times for Seclore Hot Folder protection to function.\n  \n  To start the service, double click the Hot Folder Server Enterprise Manager icon.\n  \n   \n  \n   \n  The Hot Folder Server Enterprise Manager opens:\n  \n   \n  \n   \n  \n   \n  FAQs\n  1. How else can I ensure that the Hot Folder Service is running?\n  \n  You can ensure that the status of the service either from the Process tab in the Windows Task Manager.\n  \n   \n  \n  \n  2. When do we need to stop the Hot Folder Service?\n  \n  You will need to stop the service in order to perform certain activities on a Hot Folder.\n  \n   \n   \n   \n   \n   \n   \n   \n   \n   \n   \n   \n   \n  \n  \n  \n  \n  \n  \n  \n  \n\n","Path::contents/Starting_Hot_Folder_Server_Enterprise_Manager.htm::MicrocontentResponse":[],"Path::contents/Configuring_Hot_Folder_Server_Enterprise_Manager.htm::Links":[{"origLink":"assets/css/default.css","attr":"href","topic":"contents/Configuring_Hot_Folder_Server_Enterprise_Manager.htm","nodeName":"link","external":false,"relPath":"contents/assets/css/default.css"},{"origLink":"assets/images/image4.png","attr":"src","topic":"contents/Configuring_Hot_Folder_Server_Enterprise_Manager.htm","nodeName":"img","external":false,"relPath":"contents/assets/images/image4.png"},{"origLink":"assets/images/image5.png","attr":"src","topic":"contents/Configuring_Hot_Folder_Server_Enterprise_Manager.htm","nodeName":"img","external":false,"relPath":"contents/assets/images/image5.png"},{"origLink":"assets/images/image6.png","attr":"src","topic":"contents/Configuring_Hot_Folder_Server_Enterprise_Manager.htm","nodeName":"img","external":false,"relPath":"contents/assets/images/image6.png"},{"origLink":"assets/images/image7.png","attr":"src","topic":"contents/Configuring_Hot_Folder_Server_Enterprise_Manager.htm","nodeName":"img","external":false,"relPath":"contents/assets/images/image7.png"},{"origLink":"assets/images/image8.png","attr":"src","topic":"contents/Configuring_Hot_Folder_Server_Enterprise_Manager.htm","nodeName":"img","external":false,"relPath":"contents/assets/images/image8.png"},{"origLink":"assets/images/image9.png","attr":"src","topic":"contents/Configuring_Hot_Folder_Server_Enterprise_Manager.htm","nodeName":"img","external":false,"relPath":"contents/assets/images/image9.png"}],"Path::contents/Configuring_Hot_Folder_Server_Enterprise_Manager.htm::Variables":[],"Path::contents/Configuring_Hot_Folder_Server_Enterprise_Manager.htm::Conditions":[],"Path::contents/Configuring_Hot_Folder_Server_Enterprise_Manager.htm::TopicConditions":[],"Path::contents/Configuring_Hot_Folder_Server_Enterprise_Manager.htm::IndexKeywords":[],"Path::contents/Configuring_Hot_Folder_Server_Enterprise_Manager.htm::Glossary":[],"Path::contents/Configuring_Hot_Folder_Server_Enterprise_Manager.htm::Bookmarks":[],"Path::contents/Configuring_Hot_Folder_Server_Enterprise_Manager.htm::Title":"Configuring Hot Folder Server Enterprise Manager","Path::contents/Configuring_Hot_Folder_Server_Enterprise_Manager.htm::InnerText":"\n  \n  \n  Configuring Hot Folder Server Enterprise Manager\n  \n  \n  \n  \n  \n  \n  \n  \n  For your Hot Folder Server Enterprise Manager to communicate to your Policy Server, you need to configure a Policy Server profile. Follow the steps described below to configure a profile.\n  \n   \n  \n   \n  \n   \n  \n   \n  \n   \n  \n   \n   \n  FAQs\n  1. What is the format of the Policy Server URL?\n  \n  The format of the Policy Server must be https://domain name/app name.\n  \n   \n  \n  \n  \n  \n  2. How many additional fail-over URLs can we configure?\n  \n  You can configure upto 2 fail-over URLs for the Policy Server.\n  \n   \n  \n  \n  3. What happens when I select the checkbox specified in the steps above?\n  \n  Selecting the checkbox disables the dialog box that lists the information sent to the Policy Server each time the Hot Folder Server Enterprise Manager attempts to communicate with it.\n  \n   \n  \n  \n  4. What is displayed when I click on the Details button?\n  \n  Clicking on the Details button displays the list of parameters that is sent to the Policy Server each time the Hot Folder Server Enterprise Manager attempts to communicate with it.\n  \n  \n   \n   \n   \n   \n   \n   \n  \n  \n  \n  \n  \n  \n  \n  \n\n","Path::contents/Configuring_Hot_Folder_Server_Enterprise_Manager.htm::MicrocontentResponse":[],"Path::contents/Managing_Hot_Folder_Cabinets.htm::Links":[{"origLink":"assets/css/default.css","attr":"href","topic":"contents/Managing_Hot_Folder_Cabinets.htm","nodeName":"link","external":false,"relPath":"contents/assets/css/default.css"},{"origLink":"Adding_a_Hot_Folder_Cabinet.htm","attr":"href","topic":"contents/Managing_Hot_Folder_Cabinets.htm","nodeName":"a","external":false,"relPath":"contents/Adding_a_Hot_Folder_Cabinet.htm"},{"origLink":"Logging_in_to_a_Hot_Folder_Cabinet.htm","attr":"href","topic":"contents/Managing_Hot_Folder_Cabinets.htm","nodeName":"a","external":false,"relPath":"contents/Logging_in_to_a_Hot_Folder_Cabinet.htm"},{"origLink":"Editing_a_Hot_Folder_Cabinet.htm","attr":"href","topic":"contents/Managing_Hot_Folder_Cabinets.htm","nodeName":"a","external":false,"relPath":"contents/Editing_a_Hot_Folder_Cabinet.htm"},{"origLink":"Removing_a_Hot_Folder_Cabinet-copy.htm","attr":"href","topic":"contents/Managing_Hot_Folder_Cabinets.htm","nodeName":"a","external":false,"relPath":"contents/Removing_a_Hot_Folder_Cabinet-copy.htm"}],"Path::contents/Managing_Hot_Folder_Cabinets.htm::Variables":[],"Path::contents/Managing_Hot_Folder_Cabinets.htm::Conditions":[],"Path::contents/Managing_Hot_Folder_Cabinets.htm::TopicConditions":[],"Path::contents/Managing_Hot_Folder_Cabinets.htm::IndexKeywords":[],"Path::contents/Managing_Hot_Folder_Cabinets.htm::Glossary":[],"Path::contents/Managing_Hot_Folder_Cabinets.htm::Bookmarks":[],"Path::contents/Managing_Hot_Folder_Cabinets.htm::Title":"Managing Hot Folder Cabinets","Path::contents/Managing_Hot_Folder_Cabinets.htm::InnerText":"\n  \n  \n  Managing Hot Folder Cabinets\n  \n  \n  \n  \n  \n  \n  \n  \n  \n  \n  A Hot Folder Cabinet is a collection of Hot Folders associated with a particular Seclore Policy Server. All Hot Folders within a cabinet will always point to the same Policy Server.\n  \n  In order to create a Hot Folder, first a Hot Folder Cabinet needs to be created. There can be multiple Hot Folders defined for a single Hot Folder Cabinet.\n  \n  Click the links below to navigate to the respective pages:\n  \n  \n    Adding a Hot Folder Cabinet\n    \n    Logging in to a Hot Folder Cabinet\n    \n    Editing a Hot Folder Cabinet\n    \n    Removing a Hot Folder Cabinet\n    \n  \n  \n  \n   \n   \n   \n  \n  \n  \n  \n  \n  \n  \n  \n\n","Path::contents/Managing_Hot_Folder_Cabinets.htm::MicrocontentResponse":[],"Path::contents/Adding_a_Hot_Folder_Cabinet.htm::Links":[{"origLink":"assets/css/default.css","attr":"href","topic":"contents/Adding_a_Hot_Folder_Cabinet.htm","nodeName":"link","external":false,"relPath":"contents/assets/css/default.css"},{"origLink":"assets/images/image10.png","attr":"src","topic":"contents/Adding_a_Hot_Folder_Cabinet.htm","nodeName":"img","external":false,"relPath":"contents/assets/images/image10.png"},{"origLink":"assets/images/image11.png","attr":"src","topic":"contents/Adding_a_Hot_Folder_Cabinet.htm","nodeName":"img","external":false,"relPath":"contents/assets/images/image11.png"},{"origLink":"assets/images/image12.png","attr":"src","topic":"contents/Adding_a_Hot_Folder_Cabinet.htm","nodeName":"img","external":false,"relPath":"contents/assets/images/image12.png"},{"origLink":"assets/images/image13.png","attr":"src","topic":"contents/Adding_a_Hot_Folder_Cabinet.htm","nodeName":"img","external":false,"relPath":"contents/assets/images/image13.png"},{"origLink":"assets/images/image14.png","attr":"src","topic":"contents/Adding_a_Hot_Folder_Cabinet.htm","nodeName":"img","external":false,"relPath":"contents/assets/images/image14.png"}],"Path::contents/Adding_a_Hot_Folder_Cabinet.htm::Variables":[],"Path::contents/Adding_a_Hot_Folder_Cabinet.htm::Conditions":[],"Path::contents/Adding_a_Hot_Folder_Cabinet.htm::TopicConditions":[],"Path::contents/Adding_a_Hot_Folder_Cabinet.htm::IndexKeywords":[],"Path::contents/Adding_a_Hot_Folder_Cabinet.htm::Glossary":[],"Path::contents/Adding_a_Hot_Folder_Cabinet.htm::Bookmarks":[],"Path::contents/Adding_a_Hot_Folder_Cabinet.htm::Title":"Adding a Hot Folder Cabinet","Path::contents/Adding_a_Hot_Folder_Cabinet.htm::InnerText":"\n  \n  \n  Adding a Hot Folder Cabinet\n  \n  \n  \n  \n  \n  \n  \n  \n  \n  \n  To add a Hot Folder Cabinet:\n  \n   \n  \n   \n  \n   \n  \n   \n  \n  \n  \n   \n  \n   \n  \n  \n  \n  \n  \n  \n  \n  \n\n","Path::contents/Adding_a_Hot_Folder_Cabinet.htm::MicrocontentResponse":[],"Path::contents/Editing_a_Hot_Folder_Cabinet.htm::Links":[{"origLink":"assets/css/default.css","attr":"href","topic":"contents/Editing_a_Hot_Folder_Cabinet.htm","nodeName":"link","external":false,"relPath":"contents/assets/css/default.css"},{"origLink":"Logging_in_to_a_Hot_Folder_Cabinet.htm","attr":"href","topic":"contents/Editing_a_Hot_Folder_Cabinet.htm","nodeName":"a","external":false,"relPath":"contents/Logging_in_to_a_Hot_Folder_Cabinet.htm"},{"origLink":"assets/images/image18.png","attr":"src","topic":"contents/Editing_a_Hot_Folder_Cabinet.htm","nodeName":"img","external":false,"relPath":"contents/assets/images/image18.png"},{"origLink":"assets/images/image19.png","attr":"src","topic":"contents/Editing_a_Hot_Folder_Cabinet.htm","nodeName":"img","external":false,"relPath":"contents/assets/images/image19.png"},{"origLink":"assets/images/image22.png","attr":"src","topic":"contents/Editing_a_Hot_Folder_Cabinet.htm","nodeName":"img","external":false,"relPath":"contents/assets/images/image22.png"},{"origLink":"assets/images/image21.png","attr":"src","topic":"contents/Editing_a_Hot_Folder_Cabinet.htm","nodeName":"img","external":false,"relPath":"contents/assets/images/image21.png"},{"origLink":"assets/images/image23.png","attr":"src","topic":"contents/Editing_a_Hot_Folder_Cabinet.htm","nodeName":"img","external":false,"relPath":"contents/assets/images/image23.png"}],"Path::contents/Editing_a_Hot_Folder_Cabinet.htm::Variables":[],"Path::contents/Editing_a_Hot_Folder_Cabinet.htm::Conditions":[],"Path::contents/Editing_a_Hot_Folder_Cabinet.htm::TopicConditions":[],"Path::contents/Editing_a_Hot_Folder_Cabinet.htm::IndexKeywords":[],"Path::contents/Editing_a_Hot_Folder_Cabinet.htm::Glossary":[],"Path::contents/Editing_a_Hot_Folder_Cabinet.htm::Bookmarks":[],"Path::contents/Editing_a_Hot_Folder_Cabinet.htm::Title":"Editing a Hot Folder Cabinet","Path::contents/Editing_a_Hot_Folder_Cabinet.htm::InnerText":"\n  \n  \n  Editing a Hot Folder Cabinet\n  \n  \n  \n  \n  \n  \n  \n  \n  \n  \n  \n  \n  To edit the properties of a Hot Folder cabinet, log in to the cabinet. A panel with the Hot Folder cabinet properties opens. You can edit the details of a Hot Folder cabinet as illustrated below.\n    \n  \n  \n  \n   \n  \n   \n  \n   \n  \n   \n  \n  \n  \n   \n  \n   \n   \n   \n  \n  \n  \n  \n  \n  \n  \n  \n\n","Path::contents/Editing_a_Hot_Folder_Cabinet.htm::MicrocontentResponse":[],"Path::contents/Removing_a_Hot_Folder_Cabinet-copy.htm::Links":[{"origLink":"assets/css/default.css","attr":"href","topic":"contents/Removing_a_Hot_Folder_Cabinet-copy.htm","nodeName":"link","external":false,"relPath":"contents/assets/css/default.css"},{"origLink":"Logging_in_to_a_Hot_Folder_Cabinet.htm","attr":"href","topic":"contents/Removing_a_Hot_Folder_Cabinet-copy.htm","nodeName":"a","external":false,"relPath":"contents/Logging_in_to_a_Hot_Folder_Cabinet.htm"},{"origLink":"Editing_a_Hot_Folder_Cabinet.htm","attr":"href","topic":"contents/Removing_a_Hot_Folder_Cabinet-copy.htm","nodeName":"a","external":false,"relPath":"contents/Editing_a_Hot_Folder_Cabinet.htm"},{"origLink":"assets/images/image24.png","attr":"src","topic":"contents/Removing_a_Hot_Folder_Cabinet-copy.htm","nodeName":"img","external":false,"relPath":"contents/assets/images/image24.png"},{"origLink":"assets/images/image25.png","attr":"src","topic":"contents/Removing_a_Hot_Folder_Cabinet-copy.htm","nodeName":"img","external":false,"relPath":"contents/assets/images/image25.png"},{"origLink":"Starting_Hot_Folder_Server_Enterprise_Manager.htm","attr":"href","topic":"contents/Removing_a_Hot_Folder_Cabinet-copy.htm","nodeName":"a","external":false,"relPath":"contents/Starting_Hot_Folder_Server_Enterprise_Manager.htm"}],"Path::contents/Removing_a_Hot_Folder_Cabinet-copy.htm::Variables":[],"Path::contents/Removing_a_Hot_Folder_Cabinet-copy.htm::Conditions":[],"Path::contents/Removing_a_Hot_Folder_Cabinet-copy.htm::TopicConditions":[],"Path::contents/Removing_a_Hot_Folder_Cabinet-copy.htm::IndexKeywords":[],"Path::contents/Removing_a_Hot_Folder_Cabinet-copy.htm::Glossary":[],"Path::contents/Removing_a_Hot_Folder_Cabinet-copy.htm::Bookmarks":[],"Path::contents/Removing_a_Hot_Folder_Cabinet-copy.htm::Title":"Removing a Hot Folder Cabinet","Path::contents/Removing_a_Hot_Folder_Cabinet-copy.htm::InnerText":"\n  \n  \n  Removing a Hot Folder Cabinet\n  \n  \n  \n  \n  \n  \n  \n  \n  \n  \n  \n  \n  To remove a Hot Folder Cabinet, log in to the Hot Folder Cabinet. A panel with the Hot Folder cabinet properties opens. Scroll down to the options as mentioned in \n    Editing a Hot Folder Cabinet.\n    \n    \n  \n  \n  \n   \n  \n   \n  You will be asked to stop the Hot Folder service:\n    \n    \n  \n  \n   \n  The Hot Folder Cabinet will be deleted. Removing the Hot Folder cabinet will have no effect on existing physical folders or existing protected files within those folders. The only change will be that the Hot Folders within this Hot Folder cabinet will stop being monitored.\n  \n  Note: Start the Hot Folder service in order to resume normal monitoring of all Hot Folders configured in the Hot Folder Server Enterprise Manager.\n  \n  \n  \n  \n  \n  \n  \n  \n  \n\n","Path::contents/Removing_a_Hot_Folder_Cabinet-copy.htm::MicrocontentResponse":[],"Path::contents/Managing_Hot_Folders.htm::Links":[{"origLink":"assets/css/default.css","attr":"href","topic":"contents/Managing_Hot_Folders.htm","nodeName":"link","external":false,"relPath":"contents/assets/css/default.css"},{"origLink":"Creating_a_Hot_Folder.htm","attr":"href","topic":"contents/Managing_Hot_Folders.htm","nodeName":"a","external":false,"relPath":"contents/Creating_a_Hot_Folder.htm"},{"origLink":"Excluding_a_sub-folder_in_a_Hot_Folder.htm","attr":"href","topic":"contents/Managing_Hot_Folders.htm","nodeName":"a","external":false,"relPath":"contents/Excluding_a_sub-folder_in_a_Hot_Folder.htm"},{"origLink":"Editing_a_Hot_Folder.htm","attr":"href","topic":"contents/Managing_Hot_Folders.htm","nodeName":"a","external":false,"relPath":"contents/Editing_a_Hot_Folder.htm"},{"origLink":"Pausing_protection_in_a_Hot_Folder.htm","attr":"href","topic":"contents/Managing_Hot_Folders.htm","nodeName":"a","external":false,"relPath":"contents/Pausing_protection_in_a_Hot_Folder.htm"},{"origLink":"Managing_Hot_Folders_through_Policy_Server.htm","attr":"href","topic":"contents/Managing_Hot_Folders.htm","nodeName":"a","external":false,"relPath":"contents/Managing_Hot_Folders_through_Policy_Server.htm"},{"origLink":"Removing_a_Hot_Folder.htm","attr":"href","topic":"contents/Managing_Hot_Folders.htm","nodeName":"a","external":false,"relPath":"contents/Removing_a_Hot_Folder.htm"}],"Path::contents/Managing_Hot_Folders.htm::Variables":[],"Path::contents/Managing_Hot_Folders.htm::Conditions":[],"Path::contents/Managing_Hot_Folders.htm::TopicConditions":[],"Path::contents/Managing_Hot_Folders.htm::IndexKeywords":[],"Path::contents/Managing_Hot_Folders.htm::Glossary":[],"Path::contents/Managing_Hot_Folders.htm::Bookmarks":[],"Path::contents/Managing_Hot_Folders.htm::Title":"Managing Hot Folders","Path::contents/Managing_Hot_Folders.htm::InnerText":"\n  \n  \n  Managing Hot Folders\n  \n  \n  \n  \n  \n  \n  \n  \n  \n  \n  Click the links below to navigate to the respective pages:\n  \n  \n    Creating a Hot Folder\n    \n    Excluding a sub-folder in a Hot Folder\n    \n    Editing a Hot Folder\n    \n    Pausing Protection in a Hot Folder\n    \n    Managing Hot Folders through Policy Server\n    Removing a Hot Folder\n    \n  \n   \n  Pre-requisites\n  The HTML-wrapping option and Universal Protection options in the Policy Server must be enabled.\n  \n  \n  \n  \n  \n  \n  \n  \n\n","Path::contents/Managing_Hot_Folders.htm::MicrocontentResponse":[],"Path::contents/Generating_Hot_Folders_Reports.htm::Links":[{"origLink":"assets/css/default.css","attr":"href","topic":"contents/Generating_Hot_Folders_Reports.htm","nodeName":"link","external":false,"relPath":"contents/assets/css/default.css"},{"origLink":"assets/images/image26.png","attr":"src","topic":"contents/Generating_Hot_Folders_Reports.htm","nodeName":"img","external":false,"relPath":"contents/assets/images/image26.png"},{"origLink":"assets/images/image27.png","attr":"src","topic":"contents/Generating_Hot_Folders_Reports.htm","nodeName":"img","external":false,"relPath":"contents/assets/images/image27.png"},{"origLink":"assets/images/image28.png","attr":"src","topic":"contents/Generating_Hot_Folders_Reports.htm","nodeName":"img","external":false,"relPath":"contents/assets/images/image28.png"},{"origLink":"assets/images/image30.png","attr":"src","topic":"contents/Generating_Hot_Folders_Reports.htm","nodeName":"img","external":false,"relPath":"contents/assets/images/image30.png"},{"origLink":"assets/images/image31.png","attr":"src","topic":"contents/Generating_Hot_Folders_Reports.htm","nodeName":"img","external":false,"relPath":"contents/assets/images/image31.png"}],"Path::contents/Generating_Hot_Folders_Reports.htm::Variables":[],"Path::contents/Generating_Hot_Folders_Reports.htm::Conditions":[],"Path::contents/Generating_Hot_Folders_Reports.htm::TopicConditions":[],"Path::contents/Generating_Hot_Folders_Reports.htm::IndexKeywords":[],"Path::contents/Generating_Hot_Folders_Reports.htm::Glossary":[],"Path::contents/Generating_Hot_Folders_Reports.htm::Bookmarks":[],"Path::contents/Generating_Hot_Folders_Reports.htm::Title":"Generating Hot Folders Reports","Path::contents/Generating_Hot_Folders_Reports.htm::InnerText":"\n  \n  \n  Generating Hot Folder Reports\n  \n  \n  \n  \n  \n  \n  \n  \n  \n  \n  \n  \n  You can generate file reports for a particular Hot Folder from the Hot Folder Server Enterprise Manager. These reports can be downloaded in csv form. They include the following information:\n  \n  \n  \n  \n    The total number of protected files in the Hot Folder.\n    \n    The total number of folders in the Hot Folder.\n    \n    The total number of unprotected files in the Hot Folder (e.g. in case of excluded sub folders).\n    \n  \n   \n  To generate a report:\n  \n  \n  \n  \n   \n  \n   \n  \n   \n  \n   \n  \n   \n   \n   \n  \n  \n  \n  \n  \n  \n  \n  \n\n","Path::contents/Generating_Hot_Folders_Reports.htm::MicrocontentResponse":[],"Path::contents/Creating_a_Hot_Folder.htm::Links":[{"origLink":"assets/css/default.css","attr":"href","topic":"contents/Creating_a_Hot_Folder.htm","nodeName":"link","external":false,"relPath":"contents/assets/css/default.css"},{"origLink":"assets/images/image32.png","attr":"src","topic":"contents/Creating_a_Hot_Folder.htm","nodeName":"img","external":false,"relPath":"contents/assets/images/image32.png"},{"origLink":"assets/images/image33.png","attr":"src","topic":"contents/Creating_a_Hot_Folder.htm","nodeName":"img","external":false,"relPath":"contents/assets/images/image33.png"},{"origLink":"assets/images/image39.png","attr":"src","topic":"contents/Creating_a_Hot_Folder.htm","nodeName":"img","external":false,"relPath":"contents/assets/images/image39.png"},{"origLink":"assets/images/image36.png","attr":"src","topic":"contents/Creating_a_Hot_Folder.htm","nodeName":"img","external":false,"relPath":"contents/assets/images/image36.png"},{"origLink":"assets/images/image62.png","attr":"src","topic":"contents/Creating_a_Hot_Folder.htm","nodeName":"img","external":false,"relPath":"contents/assets/images/image62.png"},{"origLink":"assets/images/image63.png","attr":"src","topic":"contents/Creating_a_Hot_Folder.htm","nodeName":"img","external":false,"relPath":"contents/assets/images/image63.png"},{"origLink":"assets/images/image38.png","attr":"src","topic":"contents/Creating_a_Hot_Folder.htm","nodeName":"img","external":false,"relPath":"contents/assets/images/image38.png"},{"origLink":"assets/images/image40.png","attr":"src","topic":"contents/Creating_a_Hot_Folder.htm","nodeName":"img","external":false,"relPath":"contents/assets/images/image40.png"}],"Path::contents/Creating_a_Hot_Folder.htm::Variables":[],"Path::contents/Creating_a_Hot_Folder.htm::Conditions":[],"Path::contents/Creating_a_Hot_Folder.htm::TopicConditions":[],"Path::contents/Creating_a_Hot_Folder.htm::IndexKeywords":[],"Path::contents/Creating_a_Hot_Folder.htm::Glossary":[],"Path::contents/Creating_a_Hot_Folder.htm::Bookmarks":[],"Path::contents/Creating_a_Hot_Folder.htm::Title":"Creating a Hot Folder","Path::contents/Creating_a_Hot_Folder.htm::InnerText":"\n  \n  \n  Creating a Hot Folder\n  \n  \n  \n  \n  \n  \n  \n  \n  \n  \n  To create a new Hot Folder, log in to the Hot Folder Cabinet.\n  \n   \n  \n   \n  \n   \n  \n   \n  \n  \n    Select the Convert to HTML format checkbox, to apply HTML wrapping to standard file formats on protection (by placing in the Hot Folder). This option is not selected by default.\n    \n  \n   \n  \n  \n   \n  \n    Formats: You can select the file formats that will be protected when placed in the Hot Folder.\n      \n        All formats: This protects all the file formats.\n        \n        Standard Formats: This protects only the standard file formats (Advanced protection).\n        \n        Selected Formats: This protects only certain file formats as selected in the panel on the right. The Without Extension checkbox enables the Hot Folder to protect files without any extension and HTML wrap them. After protection, the extension of such files is changed to .html.\n        \n      \n    \n  \n   \n  \n  You will be prompted to stop the Hot Folder Service. Once the changes are saved, restart the Hot Folder service to resume monitoring of Hot Folders.\n  \n  Note:\n  \n  \n    Creating a Hot Folder does not create a folder but applies Seclore protection to an existing folder.\n    \n    For all formats apart from the standard formats, Universal Protection is applied. The files will be HTML-wrapped automatically, and users will have Full Control permission. The Universal Protection and HTML-Wrapping options must be enabled in the Policy Server.\n    \n    On clicking Submit, you will be prompted to stop the Hot Folder service to create a Hot Folder. Once the Hot Folder is created, start the service to resume monitoring of Hot Folders.\n    \n    There is no limit on the number of Hot Folders created.\n    \n  \n   \n   \n   \n  Creating Hot Folders within Hot Folders\n  For creating a Hot Folder within a Hot Folder, follow the below steps:\n  \n  1. Right-click on the parent Hot Folder.\n  \n  2. Select the Add Hot Folder option.\n  \n   \n  \n   \n  3. Follow the steps mentioned above for creating a Hot Folder.\n  \n  Note: Once you click Submit, the Extends checkbox gets selected. This means that the permissions of the parent folder and the added permissions for the new Hot Folder will be applicable to this Hot Folder.\n  \n   \n   \n   \n   \n   \n   \n   \n   \n   \n   \n   \n   \n   \n   \n   \n  \n  \n  \n  \n  \n  \n  \n  \n\n","Path::contents/Creating_a_Hot_Folder.htm::MicrocontentResponse":[],"Path::contents/Excluding_a_sub-folder_in_a_Hot_Folder.htm::Links":[{"origLink":"assets/css/default.css","attr":"href","topic":"contents/Excluding_a_sub-folder_in_a_Hot_Folder.htm","nodeName":"link","external":false,"relPath":"contents/assets/css/default.css"},{"origLink":"Creating_a_Hot_Folder.htm","attr":"href","topic":"contents/Excluding_a_sub-folder_in_a_Hot_Folder.htm","nodeName":"a","external":false,"relPath":"contents/Creating_a_Hot_Folder.htm"},{"origLink":"assets/images/image41.png","attr":"src","topic":"contents/Excluding_a_sub-folder_in_a_Hot_Folder.htm","nodeName":"img","external":false,"relPath":"contents/assets/images/image41.png"},{"origLink":"assets/images/image43.png","attr":"src","topic":"contents/Excluding_a_sub-folder_in_a_Hot_Folder.htm","nodeName":"img","external":false,"relPath":"contents/assets/images/image43.png"},{"origLink":"assets/images/image44.png","attr":"src","topic":"contents/Excluding_a_sub-folder_in_a_Hot_Folder.htm","nodeName":"img","external":false,"relPath":"contents/assets/images/image44.png"}],"Path::contents/Excluding_a_sub-folder_in_a_Hot_Folder.htm::Variables":[],"Path::contents/Excluding_a_sub-folder_in_a_Hot_Folder.htm::Conditions":[],"Path::contents/Excluding_a_sub-folder_in_a_Hot_Folder.htm::TopicConditions":[],"Path::contents/Excluding_a_sub-folder_in_a_Hot_Folder.htm::IndexKeywords":[],"Path::contents/Excluding_a_sub-folder_in_a_Hot_Folder.htm::Glossary":[],"Path::contents/Excluding_a_sub-folder_in_a_Hot_Folder.htm::Bookmarks":[],"Path::contents/Excluding_a_sub-folder_in_a_Hot_Folder.htm::Title":"Excluding a sub-folder in a Hot Folder","Path::contents/Excluding_a_sub-folder_in_a_Hot_Folder.htm::InnerText":"\n  \n  \n  Excluding a sub-folder in a Hot Folder\n  \n  \n  \n  \n  \n  \n  \n  \n  \n  \n  If you have selected the Monitor Sub-directories option while Creating a Hot Folder, you can choose a sub-folder inside the Hot Folder to exclude the permissions set in the Hot Folder.\n    \n  \n   \n  \n   \n  \n   \n  \n   \n  You will be prompted to stop the Hot Folder Service. Once the changes are saved, restart the Hot Folder service to resume monitoring of Hot Folders.\n   \n   \n   \n   \n   \n   \n   \n   \n   \n   \n   \n   \n   \n  \n  \n  \n  \n  \n  \n  \n  \n\n","Path::contents/Excluding_a_sub-folder_in_a_Hot_Folder.htm::MicrocontentResponse":[],"Path::Hot_Folder_Admin_guide.rhpj::mtimeMs":1676531774956.4978,"Path::contents/First_Topic.htm::mtimeMs":1676827099479.0222,"Path::publish/presets/EPUB.preset::mtimeMs":1676531775042.1353,"Path::index/Default.idx::mtimeMs":1645422611987.723,"Path::publish/presets/Microcontent.preset::mtimeMs":1676531775042.1353,"Path::contents/assets/masterpages/book.htt::mtimeMs":1645422611971.7373,"Path::contents/assets/css/default.css::mtimeMs":1645422611971.7373,"Path::publish/presets/Microsoft HTML Help.preset::mtimeMs":1676531775042.1353,"Path::publish/presets/Mobile App.preset::mtimeMs":1676531775042.1353,"Path::contents/assets/css/book.css::mtimeMs":1645422611971.7373,"Path::publish/presets/PDF.preset::mtimeMs":1718002324980.4375,"Path::publish/presets/Responsive HTML5.preset::mtimeMs":1676828478362.9783,"Path::publish/presets/Frameless.preset::mtimeMs":1676531775042.1353,"Path::publish/presets/Content Only.preset::mtimeMs":1676531775042.1353,"Path::toc/Default.toc::mtimeMs":1728510187267.9106,"Path::contents/Basic_Concepts.htm::mtimeMs":1676532342308.6355,"Path::contents/Hot_Folder_Admin_Functions.htm::mtimeMs":1676827584140.1008,"Path::contents/Hot_Folder_Server_Enterprise_Manager.htm::mtimeMs":1676541730181.9949,"Path::contents/Starting_Hot_Folder_Server_Enterprise_Manager.htm::mtimeMs":1676542100839.212,"Path::contents/Managing_Hot_Folder_Cabinets.htm::mtimeMs":1676546275079.381,"Path::contents/Adding_a_Hot_Folder_Cabinet.htm::mtimeMs":1676826952739.8787,"Path::contents/Logging_in_to_a_Hot_Folder_Cabinet.htm::mtimeMs":1682333279458.09,"Path::contents/Editing_a_Hot_Folder_Cabinet.htm::mtimeMs":1676545380103.6233,"Path::contents/Removing_a_Hot_Folder_Cabinet-copy.htm::mtimeMs":1676546239569.9956,"Path::contents/Managing_Hot_Folders.htm::mtimeMs":1676628415685.5952,"Path::contents/Generating_Hot_Folders_Reports.htm::mtimeMs":1676547017412.979,"Path::contents/Creating_a_Hot_Folder.htm::mtimeMs":1728509772252.0444,"Path::contents/Excluding_a_sub-folder_in_a_Hot_Folder.htm::mtimeMs":1680023922113.1592,"Path::contents/Editing_a_Hot_Folder.htm::mtimeMs":1676626731652.5957,"Path::contents/Configuring_Hot_Folder_Server_Enterprise_Manager.htm::mtimeMs":1676542100839.212,"Path::contents/Editing_a_Hot_Folder.htm::Links":[{"origLink":"assets/css/default.css","attr":"href","topic":"contents/Editing_a_Hot_Folder.htm","nodeName":"link","external":false,"relPath":"contents/assets/css/default.css"},{"origLink":"assets/images/image45.png","attr":"src","topic":"contents/Editing_a_Hot_Folder.htm","nodeName":"img","external":false,"relPath":"contents/assets/images/image45.png"},{"origLink":"assets/images/image19.png","attr":"src","topic":"contents/Editing_a_Hot_Folder.htm","nodeName":"img","external":false,"relPath":"contents/assets/images/image19.png"},{"origLink":"assets/images/image46.png","attr":"src","topic":"contents/Editing_a_Hot_Folder.htm","nodeName":"img","external":false,"relPath":"contents/assets/images/image46.png"},{"origLink":"Creating_a_Hot_Folder.htm","attr":"href","topic":"contents/Editing_a_Hot_Folder.htm","nodeName":"a","external":false,"relPath":"contents/Creating_a_Hot_Folder.htm"},{"origLink":"assets/images/image47.png","attr":"src","topic":"contents/Editing_a_Hot_Folder.htm","nodeName":"img","external":false,"relPath":"contents/assets/images/image47.png"},{"origLink":"assets/images/image48.png","attr":"src","topic":"contents/Editing_a_Hot_Folder.htm","nodeName":"img","external":false,"relPath":"contents/assets/images/image48.png"},{"origLink":"assets/images/image49.png","attr":"src","topic":"contents/Editing_a_Hot_Folder.htm","nodeName":"img","external":false,"relPath":"contents/assets/images/image49.png"},{"origLink":"assets/images/image50.png","attr":"src","topic":"contents/Editing_a_Hot_Folder.htm","nodeName":"img","external":false,"relPath":"contents/assets/images/image50.png"}],"Path::contents/Editing_a_Hot_Folder.htm::Variables":[],"Path::contents/Editing_a_Hot_Folder.htm::Conditions":[],"Path::contents/Editing_a_Hot_Folder.htm::TopicConditions":[],"Path::contents/Editing_a_Hot_Folder.htm::IndexKeywords":[],"Path::contents/Editing_a_Hot_Folder.htm::Glossary":[],"Path::contents/Editing_a_Hot_Folder.htm::Bookmarks":[],"Path::contents/Editing_a_Hot_Folder.htm::MicrocontentResponse":[],"Path::contents/Editing_a_Hot_Folder.htm::Title":"Editing a Hot Folder","Path::contents/Editing_a_Hot_Folder.htm::InnerText":"\n  \n  \n  Editing a Hot Folder\n  \n  \n  \n  \n  \n  \n  \n  \n  \n  \n  \n  \n  To edit a Hot Folder, log in to the Hot Folder Cabinet:\n    \n    \n  \n   \n  \n   \n  You will be asked to authenticate to view the Hot Folder in the Cabinet.\n   \n  \n   \n  \n   \n  \n  \n  The details of the Hot Folder appear on the right. Edit the details as mentioned in Creating a Hot Folder.\n  \n  Scroll down to view the other options as illustrated below:\n  \n  \n   \n  \n   \n  \n   \n  \n   \n  You will be prompted to stop the Hot Folder Service. Once the changes are saved, restart the Hot Folder service to resume monitoring of Hot Folders.\n  \n  What does the Process button do?\n  \n  If you have dropped a previously protected file (Seclore protected other than Hot Folder protection) in a Hot Folder, on clicking the Process button, the permissions on the protected files become a union of the protected file and the Hot Folder permissions, if the owner of the Hot Folder and the protected file is the same user.\n  \n  For example, let’s assume that John has set the permission in a Hot Folder as Read and Edit and he protects a file (outside of the Hot Folder) with Edit and Print permissions. If he drops the file in the Hot Folder and while edting the Hot Folder clicks the Process button, the permissions on that file will be Read, Edit and Print.\n  \n  Exceptions\n  \n  There will be no changes on clicking the Process button if:\n  \n  \n    The owners of the Hot Folder and the protected file are different.\n    \n    The Hot Folder does not protect the file format of the protected file.\n    \n  \n   \n  \n  \n  \n  \n  \n  \n  \n  \n\n","Path::contents/Pausing_protection_in_a_Hot_Folder.htm::Links":[{"origLink":"assets/css/default.css","attr":"href","topic":"contents/Pausing_protection_in_a_Hot_Folder.htm","nodeName":"link","external":false,"relPath":"contents/assets/css/default.css"},{"origLink":"Editing_a_Hot_Folder.htm","attr":"href","topic":"contents/Pausing_protection_in_a_Hot_Folder.htm","nodeName":"a","external":false,"relPath":"contents/Editing_a_Hot_Folder.htm"},{"origLink":"assets/images/image47.png","attr":"src","topic":"contents/Pausing_protection_in_a_Hot_Folder.htm","nodeName":"img","external":false,"relPath":"contents/assets/images/image47.png"}],"Path::contents/Pausing_protection_in_a_Hot_Folder.htm::Variables":[],"Path::contents/Pausing_protection_in_a_Hot_Folder.htm::Conditions":[],"Path::contents/Pausing_protection_in_a_Hot_Folder.htm::TopicConditions":[],"Path::contents/Pausing_protection_in_a_Hot_Folder.htm::IndexKeywords":[],"Path::contents/Pausing_protection_in_a_Hot_Folder.htm::Glossary":[],"Path::contents/Pausing_protection_in_a_Hot_Folder.htm::Bookmarks":[],"Path::contents/Pausing_protection_in_a_Hot_Folder.htm::Title":"Pausing protection in a Hot Folder","Path::contents/Pausing_protection_in_a_Hot_Folder.htm::InnerText":"\n  \n  \n  Pausing protection in a Hot Folder\n  \n  \n  \n  \n  \n  \n  \n  \n  \n  \n  \n  \n  When you pause protection of a Hot Folder, only the files already protected by that Hot Folder before pausing protection will continue to be protected - regardless of where they are sent. However, new files placed in the Hot Folder will not get protected until protection in the Hot Folder is resumed.\n  \n  Pausing protection on a Hot Folder is similar to deactivating it temporarily. The Hot Folder can be activated again at any time - and will continue to function as normal.\n  \n  To pause protection in a Hot Folder, follow the steps mentioned in Editing a Hot Folder to log in to a Hot Folder Cabinet and selecting a Hot Folder. Scroll down in the right panel and click Pause.\n  \n  You will be prompted to stop the Hot Folder Service. Once the changes are saved, restart the Hot Folder service to resume monitoring of Hot Folders.\n  \n   \n  \n   \n  \n  \n  \n  \n  \n  \n  \n  \n\n","Path::contents/Pausing_protection_in_a_Hot_Folder.htm::MicrocontentResponse":[],"Path::contents/Removing_a_Hot_Folder.htm::Links":[{"origLink":"assets/css/default.css","attr":"href","topic":"contents/Removing_a_Hot_Folder.htm","nodeName":"link","external":false,"relPath":"contents/assets/css/default.css"},{"origLink":"assets/images/image45.png","attr":"src","topic":"contents/Removing_a_Hot_Folder.htm","nodeName":"img","external":false,"relPath":"contents/assets/images/image45.png"},{"origLink":"assets/images/image19.png","attr":"src","topic":"contents/Removing_a_Hot_Folder.htm","nodeName":"img","external":false,"relPath":"contents/assets/images/image19.png"},{"origLink":"assets/images/image46.png","attr":"src","topic":"contents/Removing_a_Hot_Folder.htm","nodeName":"img","external":false,"relPath":"contents/assets/images/image46.png"},{"origLink":"Creating_a_Hot_Folder.htm","attr":"href","topic":"contents/Removing_a_Hot_Folder.htm","nodeName":"a","external":false,"relPath":"contents/Creating_a_Hot_Folder.htm"},{"origLink":"assets/images/image49.png","attr":"src","topic":"contents/Removing_a_Hot_Folder.htm","nodeName":"img","external":false,"relPath":"contents/assets/images/image49.png"}],"Path::contents/Removing_a_Hot_Folder.htm::Variables":[],"Path::contents/Removing_a_Hot_Folder.htm::Conditions":[],"Path::contents/Removing_a_Hot_Folder.htm::TopicConditions":[],"Path::contents/Removing_a_Hot_Folder.htm::IndexKeywords":[],"Path::contents/Removing_a_Hot_Folder.htm::Glossary":[],"Path::contents/Removing_a_Hot_Folder.htm::Bookmarks":[],"Path::contents/Removing_a_Hot_Folder.htm::Title":"Removing a Hot Folder","Path::contents/Removing_a_Hot_Folder.htm::InnerText":"\n  \n  \n  Removing a Hot Folder\n  \n  \n  \n  \n  \n  \n  \n  \n  \n  \n  \n  \n  To  remove a Hot Folder, log in to the Hot Folder Cabinet:\n    \n    \n  \n   \n  \n   \n  You will be asked to authenticate to view the Hot Folder in the Cabinet.\n   \n  \n   \n  \n   \n  \n  \n  The details of the Hot Folder appear on the right. Edit the details as mentioned in Creating a Hot Folder.\n  \n  Scroll down to view the other options:\n  \n   \n  \n   \n  What happens when you remove a Hot Folder?\n  When you remove a Hot Folder:\n  \n  \n    The actual folder does not get deleted.\n    \n    The Seclore protection applied on the folder is permanently removed. Unlike pausing, you cannot resume the monitoring and protection of the files within the Hot Folder.\n    \n    The files associated with the folder will no longer be monitored for Seclore protection.\n    \n    The existing protected files within the Hot Folder will continue to be protected. The file owner (or a user with the Full Control right on the file) may manually unprotect the files, if needed.\n    \n  \n  \n  \n  \n  \n  \n  \n  \n  \n\n","Path::contents/Removing_a_Hot_Folder.htm::MicrocontentResponse":[],"Path::contents/Pausing_protection_in_a_Hot_Folder.htm::mtimeMs":1676626877024.2917,"Path::contents/Managing_Hot_Folders_through_Policy_Server.htm::mtimeMs":1680504753891.0715,"Path::contents/Removing_a_Hot_Folder.htm::mtimeMs":1676628968367.777,"Path::publish/presets/Responsive HTML5.preset::Links":[{"origLink":"../../toc/Default.toc","attr":"innerText","topic":"publish/presets/Responsive HTML5.preset","nodeName":"path","external":false,"relPath":"toc/Default.toc"},{"origLink":"../../glossary/Default.glo","attr":"innerText","topic":"publish/presets/Responsive HTML5.preset","nodeName":"path","external":false,"relPath":"glossary/Default.glo"},{"origLink":"../../contents/assets/masterpages/Analytics.htt","attr":"innerText","topic":"publish/presets/Responsive HTML5.preset","nodeName":"path","external":false,"relPath":"contents/assets/masterpages/Analytics.htt"},{"origLink":"../../contents/First_Topic.htm","attr":"innerText","topic":"publish/presets/Responsive HTML5.preset","nodeName":"path","external":false,"relPath":"contents/First_Topic.htm"},{"origLink":"../skins/skin 02_21/html5.skn","attr":"innerText","topic":"publish/presets/Responsive HTML5.preset","nodeName":"path","external":false,"relPath":"publish/skins/skin 02_21/html5.skn"},{"origLink":"../../../Admin Guide_2023_01_Cloud/Admin Guide_2022_04_AH_cloud/contents/assets/images/favicon.png","attr":"innerText","topic":"publish/presets/Responsive HTML5.preset","nodeName":"path","external":false,"relPath":"../Admin Guide_2023_01_Cloud/Admin Guide_2022_04_AH_cloud/contents/assets/images/favicon.png"}],"Path::publish/presets/Responsive HTML5.preset::Variables":[],"Path::publish/presets/Responsive HTML5.preset::Conditions":[],"Path::publish/presets/Responsive HTML5.preset::TopicConditions":[],"Path::publish/presets/Responsive HTML5.preset::IndexKeywords":[],"Path::publish/presets/Responsive HTML5.preset::Glossary":[],"Path::publish/presets/Responsive HTML5.preset::Bookmarks":[],"Path::publish/presets/Responsive HTML5.preset::MicrocontentResponse":[],"Path::publish/presets/Word Document.preset::Links":[{"origLink":"../../toc/Default.toc","attr":"innerText","topic":"publish/presets/Word Document.preset","nodeName":"path","external":false,"relPath":"toc/Default.toc"},{"origLink":"../../contents/assets/masterpages/book.htt","attr":"innerText","topic":"publish/presets/Word Document.preset","nodeName":"path","external":false,"relPath":"contents/assets/masterpages/book.htt"}],"Path::publish/presets/Word Document.preset::Variables":[],"Path::publish/presets/Word Document.preset::Conditions":[],"Path::publish/presets/Word Document.preset::TopicConditions":[],"Path::publish/presets/Word Document.preset::IndexKeywords":[],"Path::publish/presets/Word Document.preset::Glossary":[],"Path::publish/presets/Word Document.preset::Bookmarks":[],"Path::publish/presets/Word Document.preset::MicrocontentResponse":[],"Path::publish/presets/Word Document.preset::mtimeMs":1677662070981.3774,"Path::contents/Managing_Hot_Folders_through_Policy_Server.htm::Links":[{"origLink":"assets/css/default.css","attr":"href","topic":"contents/Managing_Hot_Folders_through_Policy_Server.htm","nodeName":"link","external":false,"relPath":"contents/assets/css/default.css"},{"origLink":"assets/images/image51.png","attr":"src","topic":"contents/Managing_Hot_Folders_through_Policy_Server.htm","nodeName":"img","external":false,"relPath":"contents/assets/images/image51.png"},{"origLink":"assets/images/image52.png","attr":"src","topic":"contents/Managing_Hot_Folders_through_Policy_Server.htm","nodeName":"img","external":false,"relPath":"contents/assets/images/image52.png"},{"origLink":"assets/images/image53.png","attr":"src","topic":"contents/Managing_Hot_Folders_through_Policy_Server.htm","nodeName":"img","external":false,"relPath":"contents/assets/images/image53.png"},{"origLink":"assets/images/image60.png","attr":"src","topic":"contents/Managing_Hot_Folders_through_Policy_Server.htm","nodeName":"img","external":false,"relPath":"contents/assets/images/image60.png"},{"origLink":"assets/images/image61.png","attr":"src","topic":"contents/Managing_Hot_Folders_through_Policy_Server.htm","nodeName":"img","external":false,"relPath":"contents/assets/images/image61.png"},{"origLink":"assets/images/image56.png","attr":"src","topic":"contents/Managing_Hot_Folders_through_Policy_Server.htm","nodeName":"img","external":false,"relPath":"contents/assets/images/image56.png"}],"Path::contents/Managing_Hot_Folders_through_Policy_Server.htm::Variables":[],"Path::contents/Managing_Hot_Folders_through_Policy_Server.htm::Conditions":[],"Path::contents/Managing_Hot_Folders_through_Policy_Server.htm::TopicConditions":[],"Path::contents/Managing_Hot_Folders_through_Policy_Server.htm::IndexKeywords":[],"Path::contents/Managing_Hot_Folders_through_Policy_Server.htm::Glossary":[],"Path::contents/Managing_Hot_Folders_through_Policy_Server.htm::Bookmarks":[],"Path::contents/Managing_Hot_Folders_through_Policy_Server.htm::MicrocontentResponse":[],"Path::contents/Managing_Hot_Folders_through_Policy_Server.htm::Title":"Managing Hot Folders through Policy Server","Path::contents/Managing_Hot_Folders_through_Policy_Server.htm::InnerText":"\n  \n  \n  Managing Hot Folders through Policy Server\n  \n  \n  \n  \n  \n    As a Global security admin or System admin, you can manage all the Hot Folder cabinets defined within your organization through the Policy Server portal.\n  \n  The Policy Server portal helps admins to keep a track of the Hot Folders present on all the Endpoint machines being used across their organization.\n  \n  The Admins can also make changes to the desired Hot Folders through the Policy Server, without having to access the user’s machine.\n  \n  However, a Hot Folder can be created only through the Hot Folder Server Enterprise Manager.\n  \n   \n  \n   \n  \n   \n  \n   \n  \n  \n  \n   \n  \n   \n  \n   \n  \n  \n  \n  \n  \n  \n  \n  \n\n","Path::contents/Logging_in_to_a_Hot_Folder_Cabinet.htm::Links":[{"origLink":"assets/css/default.css","attr":"href","topic":"contents/Logging_in_to_a_Hot_Folder_Cabinet.htm","nodeName":"link","external":false,"relPath":"contents/assets/css/default.css"},{"origLink":"https://adoption.seclore.com/help-center/seclore-administrator-portal","attr":"href","topic":"contents/Logging_in_to_a_Hot_Folder_Cabinet.htm","nodeName":"a","external":true,"relPath":"https://adoption.seclore.com/help-center/seclore-administrator-portal"},{"origLink":"assets/images/image15.png","attr":"src","topic":"contents/Logging_in_to_a_Hot_Folder_Cabinet.htm","nodeName":"img","external":false,"relPath":"contents/assets/images/image15.png"},{"origLink":"assets/images/image16.png","attr":"src","topic":"contents/Logging_in_to_a_Hot_Folder_Cabinet.htm","nodeName":"img","external":false,"relPath":"contents/assets/images/image16.png"},{"origLink":"assets/images/image17.png","attr":"src","topic":"contents/Logging_in_to_a_Hot_Folder_Cabinet.htm","nodeName":"img","external":false,"relPath":"contents/assets/images/image17.png"}],"Path::contents/Logging_in_to_a_Hot_Folder_Cabinet.htm::Variables":[],"Path::contents/Logging_in_to_a_Hot_Folder_Cabinet.htm::Conditions":[],"Path::contents/Logging_in_to_a_Hot_Folder_Cabinet.htm::TopicConditions":[],"Path::contents/Logging_in_to_a_Hot_Folder_Cabinet.htm::IndexKeywords":[],"Path::contents/Logging_in_to_a_Hot_Folder_Cabinet.htm::Glossary":[],"Path::contents/Logging_in_to_a_Hot_Folder_Cabinet.htm::Bookmarks":[],"Path::contents/Logging_in_to_a_Hot_Folder_Cabinet.htm::MicrocontentResponse":[],"Path::contents/Logging_in_to_a_Hot_Folder_Cabinet.htm::Title":"Logging in to a Hot Folder Cabinet","Path::contents/Logging_in_to_a_Hot_Folder_Cabinet.htm::InnerText":"\n  \n  \n  Logging in to a Hot Folder Cabinet\n  \n  \n  \n  \n  \n  \n  \n  \n  \n  \n  \n  \n  To view the Hot Folders within a cabinet, log in to the Hot Folder Cabinet.\n  \n  Pre-requisites\n  \n  \n    Passphrase of the Hot Folder Cabinet\n    \n    System Administrator credentials for the configured Policy Server. (See Seclore Adoption Portal for more details)\n      \n    \n  \n  To log in, follow the steps as illustrated below:\n  \n  \n  \n   \n  \n   \n  \n   \n  If you choose the Authenticate as System User, use the system administrator credentials to login:\n  \n   \n  \n  \n  \n   \n   \n   \n  \n  \n  \n  \n  \n  \n  \n  \n\n","Path::contents/assets/masterpages/Analytics.htt::mtimeMs":1711610705173.8206,"Path::contents/assets/masterpages/Analytics.htt::Links":[{"origLink":"https://www.googletagmanager.com/gtag/js?id=G-GE6HDSDRST","attr":"src","topic":"contents/assets/masterpages/Analytics.htt","nodeName":"script","external":true,"relPath":"https://www.googletagmanager.com/gtag/js?id=G-GE6HDSDRST"}],"Path::contents/assets/masterpages/Analytics.htt::Variables":[],"Path::contents/assets/masterpages/Analytics.htt::Conditions":[],"Path::contents/assets/masterpages/Analytics.htt::TopicConditions":[],"Path::contents/assets/masterpages/Analytics.htt::IndexKeywords":[],"Path::contents/assets/masterpages/Analytics.htt::Glossary":[],"Path::contents/assets/masterpages/Analytics.htt::Bookmarks":[],"Path::contents/assets/masterpages/Analytics.htt::MicrocontentResponse":[],"Path::contents/assets/masterpages/Analytics.htt::Title":"Analytics","Path::contents/assets/masterpages/Analytics.htt::Status":"Draft","Path::contents/assets/masterpages/Analytics.htt::InnerText":"\n  \n    \n      \n    \n  \n  \n    This is Body Placeholder text for your Master Page. Topics created using this Master Page will get this text by default. Replace text of this Body Placeholder with your default content for topics.\n     \n    Area outside this Body Placeholder represents the layout of the Master Page which will not be shown in the associated topics but will be present in the output. The Body Placeholder content will be replaced by actual topic content in the output.\n     \n    Use Master Page to define the layout of your topic in the output.\n  \n  \n     \n  \n\n","Path::publish/presets/PDF.preset::Links":[{"origLink":"../../toc/Default.toc","attr":"innerText","topic":"publish/presets/PDF.preset","nodeName":"path","external":false,"relPath":"toc/Default.toc"},{"origLink":"../../contents/assets/masterpages/book.htt","attr":"innerText","topic":"publish/presets/PDF.preset","nodeName":"path","external":false,"relPath":"contents/assets/masterpages/book.htt"}],"Path::publish/presets/PDF.preset::Variables":[],"Path::publish/presets/PDF.preset::Conditions":[],"Path::publish/presets/PDF.preset::TopicConditions":[],"Path::publish/presets/PDF.preset::IndexKeywords":[],"Path::publish/presets/PDF.preset::Glossary":[],"Path::publish/presets/PDF.preset::Bookmarks":[],"Path::publish/presets/PDF.preset::MicrocontentResponse":[],"Path::contents/Protecting_files_in_a_Hot_Folder.htm::mtimeMs":1728510191946.5198,"Path::contents/Protecting_files_in_a_Hot_Folder.htm::Links":[{"origLink":"assets/css/default.css","attr":"href","topic":"contents/Protecting_files_in_a_Hot_Folder.htm","nodeName":"link","external":false,"relPath":"contents/assets/css/default.css"},{"origLink":"assets/media/Protecting files in HF (video).mp4","attr":"src","topic":"contents/Protecting_files_in_a_Hot_Folder.htm","nodeName":"video","external":false,"relPath":"contents/assets/media/Protecting files in HF (video).mp4"}],"Path::contents/Protecting_files_in_a_Hot_Folder.htm::Variables":[],"Path::contents/Protecting_files_in_a_Hot_Folder.htm::Conditions":[],"Path::contents/Protecting_files_in_a_Hot_Folder.htm::TopicConditions":[],"Path::contents/Protecting_files_in_a_Hot_Folder.htm::IndexKeywords":[],"Path::contents/Protecting_files_in_a_Hot_Folder.htm::Glossary":[],"Path::contents/Protecting_files_in_a_Hot_Folder.htm::Bookmarks":[],"Path::contents/Protecting_files_in_a_Hot_Folder.htm::MicrocontentResponse":[],"Path::contents/Protecting_files_in_a_Hot_Folder.htm::Title":"Protecting files in a Hot Folder","Path::contents/Protecting_files_in_a_Hot_Folder.htm::InnerText":"\n  \n  \n  Protecting files in a Hot Folder\n  \n  \n  \n  \n  \n  \n  \n  \n  \n  \n  \n  \n  A Hot Folder is a special folder in Windows. Any file placed or saved in this folder gets protected immediately. Pre-specified protection parameters are applied on the file as soon as the file is placed inside the folder. This folder can be on a network/shared drive folder or a local folder.\n  \n  There is no user authentication required for file protection. The folder is continuously monitored for activity. Any user can drop a file into the Hot Folder and the file will get protected instantly. The file remains protected even when it is taken out of the Hot Folder. \n    The changes made to the Hot Folder will get applied to the file regardless of where the file resides - inside or outside the folder.\n  \n  Files formats other than the standard ones are protected with Universal Protection. Files formats such as MP3, MP4, JT, BPX, SVG, PSD, XD, etc. are considered universal file formats. Users with permissions on such files will always have Full Control, which means they can even unprotect the file.\n  \n  You can also protect interoperable CAD/Design files on Windows through the right-click menu and share permissions with domains. Supported formats for protection include step, stp, dwg, dxf, igs, iges, jt, and x_t. \n  \n   \n  \n   \n  *Files in a Hot Folder get protected according to the predefined policies mapped to the Hot Folder while creating it.\n  \n  \n    \n  \n  \n  \n  \n  \n  \n  \n  \n  \n\n"}