{
  "recent-files::internal:document": [{
    "path": "D:/Latest Online Help/Hot Folder Admin guide_Cloud/contents/Protecting_files_in_a_Hot_Folder.htm",
    "pinned": false,
    "time": "Oct 14, 2:19 AM"
  }, {
    "path": "D:/Latest Online Help/Hot Folder Admin guide_Cloud/publish/presets/Responsive HTML5.preset",
    "pinned": false,
    "time": "Oct 14, 2:19 AM"
  }, {
    "path": "D:/Latest Online Help/Hot Folder Admin guide_Cloud/contents/Creating_a_Hot_Folder.htm",
    "pinned": false,
    "time": "Oct 10, 2:56 AM"
  }, {
    "path": "D:/Latest Online Help/Hot Folder Admin guide_Cloud/publish/presets/PDF.preset",
    "pinned": false,
    "time": "Jun 10, 12:22 PM"
  }, {
    "path": "D:/Latest Online Help/Hot Folder Admin guide_Onprem - Copy/contents/assets/masterpages/Analytics.htt",
    "pinned": false,
    "time": "Mar 28, 12:54 PM"
  }, {
    "path": "D:/Latest Online Help/Hot Folder Admin guide_Onprem/publish/presets/Responsive HTML5.preset",
    "pinned": false,
    "time": "Apr 24, 4:18 PM"
  }, {
    "path": "D:/Latest Online Help/Hot Folder Admin guide_Onprem/contents/Logging_in_to_a_Hot_Folder_Cabinet.htm",
    "pinned": false,
    "time": "Apr 24, 4:17 PM"
  }, {
    "path": "D:/Latest Online Help/Hot Folder Admin guide/publish/presets/Responsive HTML5.preset",
    "pinned": false,
    "time": "Apr 3, 12:22 PM"
  }, {
    "path": "D:/Latest Online Help/Hot Folder Admin guide/contents/Managing_Hot_Folders_through_Policy_Server.htm",
    "pinned": false,
    "time": "Apr 3, 12:20 PM"
  }, {
    "path": "D:/Latest Online Help/Hot Folder Admin guide/contents/Excluding_a_sub-folder_in_a_Hot_Folder.htm",
    "pinned": false,
    "time": "Mar 28, 10:48 PM"
  }, {
    "path": "D:/Latest Online Help/Hot Folder Admin guide/contents/Creating_a_Hot_Folder.htm",
    "pinned": false,
    "time": "Mar 28, 10:47 PM"
  }, {
    "path": "D:/Latest Online Help/Hot Folder Admin guide/contents/Logging_in_to_a_Hot_Folder_Cabinet.htm",
    "pinned": false,
    "time": "Mar 28, 10:46 PM"
  }, {
    "path": "D:/Latest Online Help/Hot Folder Admin guide/publish/presets/Word Document.preset",
    "pinned": false,
    "time": "Mar 1, 2:44 PM"
  }, {
    "path": "D:/Latest Online Help/Hot Folder Admin guide/contents/Managing_Hot_Folders.htm",
    "pinned": false,
    "time": "Feb 19, 11:03 PM"
  }, {
    "path": "D:/Latest Online Help/Hot Folder Admin guide/contents/Managing_Hot_Folder_Cabinets.htm",
    "pinned": false,
    "time": "Feb 19, 11:02 PM"
  }, {
    "path": "D:/Latest Online Help/Hot Folder Admin guide/contents/Hot_Folder_Server_Enterprise_Manager.htm",
    "pinned": false,
    "time": "Feb 19, 10:57 PM"
  }, {
    "path": "D:/Latest Online Help/Hot Folder Admin guide/contents/Hot_Folder_Admin_Functions.htm",
    "pinned": false,
    "time": "Feb 19, 10:55 PM"
  }, {
    "path": "D:/Latest Online Help/Hot Folder Admin guide/contents/Generating_Hot_Folders_Reports.htm",
    "pinned": false,
    "time": "Feb 19, 10:52 PM"
  }, {
    "path": "D:/Latest Online Help/Hot Folder Admin guide/contents/Removing_a_Hot_Folder.htm",
    "pinned": false,
    "time": "Feb 19, 10:52 PM"
  }, {
    "path": "D:/Latest Online Help/Hot Folder Admin guide/contents/Pausing_protection_in_a_Hot_Folder.htm",
    "pinned": false,
    "time": "Feb 19, 10:52 PM"
  }, {
    "path": "D:/Latest Online Help/Hot Folder Admin guide/contents/Editing_a_Hot_Folder.htm",
    "pinned": false,
    "time": "Feb 19, 10:51 PM"
  }, {
    "path": "D:/Latest Online Help/Hot Folder Admin guide/contents/Removing_a_Hot_Folder_Cabinet-copy.htm",
    "pinned": false,
    "time": "Feb 19, 10:50 PM"
  }, {
    "path": "D:/Latest Online Help/Hot Folder Admin guide/contents/Editing_a_Hot_Folder_Cabinet.htm",
    "pinned": false,
    "time": "Feb 19, 10:50 PM"
  }, {
    "path": "D:/Latest Online Help/Hot Folder Admin guide/contents/Adding_a_Hot_Folder_Cabinet.htm",
    "pinned": false,
    "time": "Feb 19, 10:49 PM"
  }, {
    "path": "D:/Latest Online Help/Hot Folder Admin guide/contents/Configuring_Hot_Folder_Server_Enterprise_Manager.htm",
    "pinned": false,
    "time": "Feb 19, 10:49 PM"
  }],
  "file-modified": "2024-10-10T03:13:12+05:30",
  "recent-files::internal:hyperlink": [{
    "path": "D:/Latest Online Help/Hot Folder Admin guide_Cloud/contents/Protecting_files_in_a_Hot_Folder.htm",
    "pinned": false,
    "time": "Oct 10, 3:12 AM"
  }, {
    "path": "D:/Latest Online Help/Hot Folder Admin guide/contents/First_Topic.htm",
    "pinned": false,
    "time": "Feb 19, 11:10 PM"
  }, {
    "path": "D:/Latest Online Help/Hot Folder Admin guide/contents/Removing_a_Hot_Folder.htm",
    "pinned": false,
    "time": "Feb 19, 11:05 PM"
  }, {
    "path": "D:/Latest Online Help/Hot Folder Admin guide/contents/Managing_Hot_Folders_through_Policy_Server.htm",
    "pinned": false,
    "time": "Feb 19, 11:05 PM"
  }, {
    "path": "D:/Latest Online Help/Hot Folder Admin guide/contents/Pausing_protection_in_a_Hot_Folder.htm",
    "pinned": false,
    "time": "Feb 19, 11:04 PM"
  }, {
    "path": "D:/Latest Online Help/Hot Folder Admin guide/contents/Editing_a_Hot_Folder.htm",
    "pinned": false,
    "time": "Feb 19, 11:04 PM"
  }, {
    "path": "D:/Latest Online Help/Hot Folder Admin guide/contents/Excluding_a_sub-folder_in_a_Hot_Folder.htm",
    "pinned": false,
    "time": "Feb 19, 11:04 PM"
  }, {
    "path": "D:/Latest Online Help/Hot Folder Admin guide/contents/Creating_a_Hot_Folder.htm",
    "pinned": false,
    "time": "Feb 19, 11:04 PM"
  }, {
    "path": "D:/Latest Online Help/Hot Folder Admin guide/contents/Managing_Hot_Folders.htm",
    "pinned": false,
    "time": "Feb 19, 11:03 PM"
  }, {
    "path": "D:/Latest Online Help/Hot Folder Admin guide/contents/Removing_a_Hot_Folder_Cabinet-copy.htm",
    "pinned": false,
    "time": "Feb 19, 11:03 PM"
  }, {
    "path": "D:/Latest Online Help/Hot Folder Admin guide/contents/Editing_a_Hot_Folder_Cabinet.htm",
    "pinned": false,
    "time": "Feb 19, 11:03 PM"
  }, {
    "path": "D:/Latest Online Help/Hot Folder Admin guide/contents/Logging_in_to_a_Hot_Folder_Cabinet.htm",
    "pinned": false,
    "time": "Feb 19, 11:03 PM"
  }, {
    "path": "D:/Latest Online Help/Hot Folder Admin guide/contents/Adding_a_Hot_Folder_Cabinet.htm",
    "pinned": false,
    "time": "Feb 19, 11:02 PM"
  }, {
    "path": "D:/Latest Online Help/Hot Folder Admin guide/contents/Managing_Hot_Folder_Cabinets.htm",
    "pinned": false,
    "time": "Feb 19, 11:02 PM"
  }, {
    "path": "D:/Latest Online Help/Hot Folder Admin guide/contents/Configuring_Hot_Folder_Server_Enterprise_Manager.htm",
    "pinned": false,
    "time": "Feb 19, 11:01 PM"
  }, {
    "path": "D:/Latest Online Help/Hot Folder Admin guide/contents/Starting_Hot_Folder_Server_Enterprise_Manager.htm",
    "pinned": false,
    "time": "Feb 19, 11:01 PM"
  }, {
    "path": "D:/Latest Online Help/Hot Folder Admin guide/contents/Hot_Folder_Server_Enterprise_Manager.htm",
    "pinned": false,
    "time": "Feb 19, 11:01 PM"
  }, {
    "path": "D:/Latest Online Help/Hot Folder Admin guide/contents/Generating_Hot_Folders_Reports.htm",
    "pinned": false,
    "time": "Feb 19, 10:45 PM"
  }, {
    "path": "D:/Latest Online Help/Hot Folder Admin guide/contents/Hot_Folder_Admin_Functions.htm",
    "pinned": false,
    "time": "Feb 17, 3:38 PM"
  }, {
    "path": "D:/Latest Online Help/Hot Folder Admin guide/contents/Basic_Concepts.htm",
    "pinned": false,
    "time": "Feb 17, 3:38 PM"
  }],
  "recent-files::external:hyperlink": [{
    "path": "https://adoption.seclore.com/help-center/seclore-administrator-portal",
    "pinned": false,
    "time": "Apr 24, 4:17 PM"
  }, {
    "path": "https://demo.seclore.com/demo01/portal/pages/help/en/sag/default.htm#t=Getting_Started.htm",
    "pinned": false,
    "time": "Feb 16, 3:47 PM"
  }],
  "generate": {
    "outputs": {
      "D:/Latest Online Help/Hot Folder Admin guide/publish/presets/Responsive HTML5.preset": {
        "exists": true,
        "path": "D:/OneDrive - Seclore/Desktop/temp/default.htm",
        "time": "2023-04-03T12:23:29+05:30",
        "logFile": "C:/Users/ARFAA~1.ZIS/AppData/Local/Temp/RHTMP/Responsive HTML5.ehtml"
      },
      "D:/Latest Online Help/Hot Folder Admin guide/publish/presets/Word Document.preset": {
        "exists": true,
        "path": "C:/Users/arfaa.zishan/Documents/My RoboHelp Projects/outputs/Hot Folder Admin guide/Word Document/Default.docx",
        "time": "2023-03-01T14:44:41+05:30",
        "logFile": "C:/Users/ARFAA~1.ZIS/AppData/Local/Temp/RHTMP/Word Document.ehtml"
      },
      "D:/Latest Online Help/Hot Folder Admin guide_Onprem/publish/presets/Responsive HTML5.preset": {
        "exists": true,
        "path": "D:/OneDrive - Seclore/Desktop/temp/default.htm",
        "time": "2023-04-24T16:18:11+05:30",
        "logFile": "C:/Users/ARFAA~1.ZIS/AppData/Local/Temp/RHTMP/Responsive HTML5.ehtml"
      },
      "D:/Latest Online Help/Hot Folder Admin guide_Cloud/publish/presets/Responsive HTML5.preset": {
        "exists": true,
        "path": "D:/OneDrive - Seclore/Desktop/temp/default.htm",
        "time": "2024-10-14T02:19:32+05:30",
        "logFile": "C:/Users/ARFAA~1.ZIS/AppData/Local/Temp/RHTMP/Responsive HTML5.ehtml"
      },
      "D:/Latest Online Help/Hot Folder Admin guide_Cloud/publish/presets/PDF.preset": {
        "exists": true,
        "path": "C:/Users/arfaa.zishan/Documents/My RoboHelp Projects/outputs/Hot Folder Admin guide/PDF/Hot folder admin guide.pdf",
        "time": "2024-06-11T10:03:08+05:30",
        "logFile": "C:/Users/ARFAA~1.ZIS/AppData/Local/Temp/RHTMP/PDF.ehtml"
      }
    }
  },
  "recent-files::external:document": [{
    "path": "C:/Users/ARFAA~1.ZIS/AppData/Local/Temp/RHTMP/PDF.ehtml",
    "pinned": false,
    "time": "Jun 10, 12:22 PM"
  }]
}