{"Path::Hot_Folder_Admin_guide.rhpj::mtimeMs":1676531774956.4978,"Path::contents/First_Topic.htm::mtimeMs":1676827099479.0222,"Path::publish/presets/EPUB.preset::mtimeMs":1676531775042.1353,"Path::index/Default.idx::mtimeMs":1645422611987.723,"Path::publish/presets/Microcontent.preset::mtimeMs":1676531775042.1353,"Path::contents/assets/masterpages/book.htt::mtimeMs":1645422611971.7373,"Path::contents/assets/css/default.css::mtimeMs":1645422611971.7373,"Path::publish/presets/Microsoft HTML Help.preset::mtimeMs":1676531775042.1353,"Path::publish/presets/Mobile App.preset::mtimeMs":1676531775042.1353,"Path::contents/assets/css/book.css::mtimeMs":1645422611971.7373,"Path::publish/presets/PDF.preset::mtimeMs":1718002324980.4375,"Path::publish/presets/Responsive HTML5.preset::mtimeMs":1676828478362.9783,"Path::publish/presets/Frameless.preset::mtimeMs":1676531775042.1353,"Path::publish/presets/Content Only.preset::mtimeMs":1676531775042.1353,"Path::toc/Default.toc::mtimeMs":1676828119963.4397,"Path::contents/Basic_Concepts.htm::mtimeMs":1676532342308.6355,"Path::contents/Hot_Folder_Admin_Functions.htm::mtimeMs":1676827584140.1008,"Path::contents/Hot_Folder_Server_Enterprise_Manager.htm::mtimeMs":1676541730181.9949,"Path::contents/Starting_Hot_Folder_Server_Enterprise_Manager.htm::mtimeMs":1676542100839.212,"Path::contents/Managing_Hot_Folder_Cabinets.htm::mtimeMs":1676546275079.381,"Path::contents/Adding_a_Hot_Folder_Cabinet.htm::mtimeMs":1676826952739.8787,"Path::contents/Logging_in_to_a_Hot_Folder_Cabinet.htm::mtimeMs":1682333279458.09,"Path::contents/Editing_a_Hot_Folder_Cabinet.htm::mtimeMs":1676545380103.6233,"Path::contents/Removing_a_Hot_Folder_Cabinet-copy.htm::mtimeMs":1676546239569.9956,"Path::contents/Managing_Hot_Folders.htm::mtimeMs":1676628415685.5952,"Path::contents/Generating_Hot_Folders_Reports.htm::mtimeMs":1676547017412.979,"Path::contents/Creating_a_Hot_Folder.htm::mtimeMs":1680023890710.5398,"Path::contents/Excluding_a_sub-folder_in_a_Hot_Folder.htm::mtimeMs":1680023922113.1592,"Path::contents/Editing_a_Hot_Folder.htm::mtimeMs":1676626731652.5957,"Path::contents/Configuring_Hot_Folder_Server_Enterprise_Manager.htm::mtimeMs":1676542100839.212,"Path::contents/Pausing_protection_in_a_Hot_Folder.htm::mtimeMs":1676626877024.2917,"Path::contents/Managing_Hot_Folders_through_Policy_Server.htm::mtimeMs":1680504753891.0715,"Path::contents/Removing_a_Hot_Folder.htm::mtimeMs":1676628968367.777,"Path::publish/presets/Word Document.preset::mtimeMs":1677662070981.3774,"Path::contents/assets/masterpages/Analytics.htt::mtimeMs":1711610705173.8206}